01-01-01-01-01-01-01,0
01-01-01-01-01-02-01,0
01-01-01-01-02-01-01,0
01-01-01-01-02-02-01,0
01-01-02-01-01-01-01,1
01-01-02-01-01-02-01,1
01-01-02-01-02-01-01,1
01-01-02-01-02-02-01,1
01-01-02-02-01-01-01,1
01-01-02-02-01-02-01,1
01-01-02-02-02-01-01,1
01-01-02-02-02-02-01,1
01-01-03-01-01-01-01,2
01-01-03-01-01-02-01,2
01-01-03-01-02-01-01,2
01-01-03-01-02-02-01,2
01-01-03-02-01-01-01,2
01-01-03-02-01-02-01,2
01-01-03-02-02-01-01,2
01-01-03-02-02-02-01,2
01-01-04-01-01-01-01,3
01-01-04-01-01-02-01,3
01-01-04-01-02-01-01,3
01-01-04-01-02-02-01,3
01-01-04-02-01-01-01,3
01-01-04-02-01-02-01,3
01-01-04-02-02-01-01,3
01-01-04-02-02-02-01,3
01-01-05-01-01-01-01,4
01-01-05-01-01-02-01,4
01-01-05-01-02-01-01,4
01-01-05-01-02-02-01,4
01-01-05-02-01-01-01,4
01-01-05-02-01-02-01,4
01-01-05-02-02-01-01,4
01-01-05-02-02-02-01,4
01-01-06-01-01-01-01,5
01-01-06-01-01-02-01,5
01-01-06-01-02-01-01,5
01-01-06-01-02-02-01,5
01-01-06-02-01-01-01,5
01-01-06-02-01-02-01,5
01-01-06-02-02-01-01,5
01-01-06-02-02-02-01,5
01-01-07-01-01-01-01,6
01-01-07-01-01-02-01,6
01-01-07-01-02-01-01,6
01-01-07-01-02-02-01,6
01-01-07-02-01-01-01,6
01-01-07-02-01-02-01,6
01-01-07-02-02-01-01,6
01-01-07-02-02-02-01,6
01-01-08-01-01-01-01,7
01-01-08-01-01-02-01,7
01-01-08-01-02-01-01,7
01-01-08-01-02-02-01,7
01-01-08-02-01-01-01,7
01-01-08-02-01-02-01,7
01-01-08-02-02-01-01,7
01-01-08-02-02-02-01,7
02-01-01-01-01-01-01,0
02-01-01-01-01-02-01,0
02-01-01-01-02-01-01,0
02-01-01-01-02-02-01,0
02-01-02-01-01-01-01,1
02-01-02-01-01-02-01,1
02-01-02-01-02-01-01,1
02-01-02-01-02-02-01,1
02-01-02-02-01-01-01,1
02-01-02-02-01-02-01,1
02-01-02-02-02-01-01,1
02-01-02-02-02-02-01,1
02-01-03-01-01-01-01,2
02-01-03-01-01-02-01,2
02-01-03-01-02-01-01,2
02-01-03-01-02-02-01,2
02-01-03-02-01-01-01,2
02-01-03-02-01-02-01,2
02-01-03-02-02-01-01,2
02-01-03-02-02-02-01,2
02-01-04-01-01-01-01,3
02-01-04-01-01-02-01,3
02-01-04-01-02-01-01,3
02-01-04-01-02-02-01,3
02-01-04-02-01-01-01,3
02-01-04-02-01-02-01,3
02-01-04-02-02-01-01,3
02-01-04-02-02-02-01,3
02-01-05-01-01-01-01,4
02-01-05-01-01-02-01,4
02-01-05-01-02-01-01,4
02-01-05-01-02-02-01,4
02-01-05-02-01-01-01,4
02-01-05-02-01-02-01,4
02-01-05-02-02-01-01,4
02-01-05-02-02-02-01,4
02-01-06-01-01-01-01,5
02-01-06-01-01-02-01,5
02-01-06-01-02-01-01,5
02-01-06-01-02-02-01,5
02-01-06-02-01-01-01,5
02-01-06-02-01-02-01,5
02-01-06-02-02-01-01,5
02-01-06-02-02-02-01,5
02-01-07-01-01-01-01,6
02-01-07-01-01-02-01,6
02-01-07-01-02-01-01,6
02-01-07-01-02-02-01,6
02-01-07-02-01-01-01,6
02-01-07-02-01-02-01,6
02-01-07-02-02-01-01,6
02-01-07-02-02-02-01,6
02-01-08-01-01-01-01,7
02-01-08-01-01-02-01,7
02-01-08-01-02-01-01,7
02-01-08-01-02-02-01,7
02-01-08-02-01-01-01,7
02-01-08-02-01-02-01,7
02-01-08-02-02-01-01,7
02-01-08-02-02-02-01,7
01-01-01-01-01-01-02,0
01-01-01-01-01-02-02,0
01-01-01-01-02-01-02,0
01-01-01-01-02-02-02,0
01-01-02-01-01-01-02,1
01-01-02-01-01-02-02,1
01-01-02-01-02-01-02,1
01-01-02-01-02-02-02,1
01-01-02-02-01-01-02,1
01-01-02-02-01-02-02,1
01-01-02-02-02-01-02,1
01-01-02-02-02-02-02,1
01-01-03-01-01-01-02,2
01-01-03-01-01-02-02,2
01-01-03-01-02-01-02,2
01-01-03-01-02-02-02,2
01-01-03-02-01-01-02,2
01-01-03-02-01-02-02,2
01-01-03-02-02-01-02,2
01-01-03-02-02-02-02,2
01-01-04-01-01-01-02,3
01-01-04-01-01-02-02,3
01-01-04-01-02-01-02,3
01-01-04-01-02-02-02,3
01-01-04-02-01-01-02,3
01-01-04-02-01-02-02,3
01-01-04-02-02-01-02,3
01-01-04-02-02-02-02,3
01-01-05-01-01-01-02,4
01-01-05-01-01-02-02,4
01-01-05-01-02-01-02,4
01-01-05-01-02-02-02,4
01-01-05-02-01-01-02,4
01-01-05-02-01-02-02,4
01-01-05-02-02-01-02,4
01-01-05-02-02-02-02,4
01-01-06-01-01-01-02,5
01-01-06-01-01-02-02,5
01-01-06-01-02-01-02,5
01-01-06-01-02-02-02,5
01-01-06-02-01-01-02,5
01-01-06-02-01-02-02,5
01-01-06-02-02-01-02,5
01-01-06-02-02-02-02,5
01-01-07-01-01-01-02,6
01-01-07-01-01-02-02,6
01-01-07-01-02-01-02,6
01-01-07-01-02-02-02,6
01-01-07-02-01-01-02,6
01-01-07-02-01-02-02,6
01-01-07-02-02-01-02,6
01-01-07-02-02-02-02,6
01-01-08-01-01-01-02,7
01-01-08-01-01-02-02,7
01-01-08-01-02-01-02,7
01-01-08-01-02-02-02,7
01-01-08-02-01-01-02,7
01-01-08-02-01-02-02,7
01-01-08-02-02-01-02,7
01-01-08-02-02-02-02,7
02-01-01-01-01-01-02,0
02-01-01-01-01-02-02,0
02-01-01-01-02-01-02,0
02-01-01-01-02-02-02,0
02-01-02-01-01-01-02,1
02-01-02-01-01-02-02,1
02-01-02-01-02-01-02,1
02-01-02-01-02-02-02,1
02-01-02-02-01-01-02,1
02-01-02-02-01-02-02,1
02-01-02-02-02-01-02,1
02-01-02-02-02-02-02,1
02-01-03-01-01-01-02,2
02-01-03-01-01-02-02,2
02-01-03-01-02-01-02,2
02-01-03-01-02-02-02,2
02-01-03-02-01-01-02,2
02-01-03-02-01-02-02,2
02-01-03-02-02-01-02,2
02-01-03-02-02-02-02,2
02-01-04-01-01-01-02,3
02-01-04-01-01-02-02,3
02-01-04-01-02-01-02,3
02-01-04-01-02-02-02,3
02-01-04-02-01-01-02,3
02-01-04-02-01-02-02,3
02-01-04-02-02-01-02,3
02-01-04-02-02-02-02,3
02-01-05-01-01-01-02,4
02-01-05-01-01-02-02,4
02-01-05-01-02-01-02,4
02-01-05-01-02-02-02,4
02-01-05-02-01-01-02,4
02-01-05-02-01-02-02,4
02-01-05-02-02-01-02,4
02-01-05-02-02-02-02,4
02-01-06-01-01-01-02,5
02-01-06-01-01-02-02,5
02-01-06-01-02-01-02,5
02-01-06-01-02-02-02,5
02-01-06-02-01-01-02,5
02-01-06-02-01-02-02,5
02-01-06-02-02-01-02,5
02-01-06-02-02-02-02,5
02-01-07-01-01-01-02,6
02-01-07-01-01-02-02,6
02-01-07-01-02-01-02,6
02-01-07-01-02-02-02,6
02-01-07-02-01-01-02,6
02-01-07-02-01-02-02,6
02-01-07-02-02-01-02,6
02-01-07-02-02-02-02,6
02-01-08-01-01-01-02,7
02-01-08-01-01-02-02,7
02-01-08-01-02-01-02,7
02-01-08-01-02-02-02,7
02-01-08-02-01-01-02,7
02-01-08-02-01-02-02,7
02-01-08-02-02-01-02,7
02-01-08-02-02-02-02,7
01-01-01-01-01-01-03,0
01-01-01-01-01-02-03,0
01-01-01-01-02-01-03,0
01-01-01-01-02-02-03,0
01-01-02-01-01-01-03,1
01-01-02-01-01-02-03,1
01-01-02-01-02-01-03,1
01-01-02-01-02-02-03,1
01-01-02-02-01-01-03,1
01-01-02-02-01-02-03,1
01-01-02-02-02-01-03,1
01-01-02-02-02-02-03,1
01-01-03-01-01-01-03,2
01-01-03-01-01-02-03,2
01-01-03-01-02-01-03,2
01-01-03-01-02-02-03,2
01-01-03-02-01-01-03,2
01-01-03-02-01-02-03,2
01-01-03-02-02-01-03,2
01-01-03-02-02-02-03,2
01-01-04-01-01-01-03,3
01-01-04-01-01-02-03,3
01-01-04-01-02-01-03,3
01-01-04-01-02-02-03,3
01-01-04-02-01-01-03,3
01-01-04-02-01-02-03,3
01-01-04-02-02-01-03,3
01-01-04-02-02-02-03,3
01-01-05-01-01-01-03,4
01-01-05-01-01-02-03,4
01-01-05-01-02-01-03,4
01-01-05-01-02-02-03,4
01-01-05-02-01-01-03,4
01-01-05-02-01-02-03,4
01-01-05-02-02-01-03,4
01-01-05-02-02-02-03,4
01-01-06-01-01-01-03,5
01-01-06-01-01-02-03,5
01-01-06-01-02-01-03,5
01-01-06-01-02-02-03,5
01-01-06-02-01-01-03,5
01-01-06-02-01-02-03,5
01-01-06-02-02-01-03,5
01-01-06-02-02-02-03,5
01-01-07-01-01-01-03,6
01-01-07-01-01-02-03,6
01-01-07-01-02-01-03,6
01-01-07-01-02-02-03,6
01-01-07-02-01-01-03,6
01-01-07-02-01-02-03,6
01-01-07-02-02-01-03,6
01-01-07-02-02-02-03,6
01-01-08-01-01-01-03,7
01-01-08-01-01-02-03,7
01-01-08-01-02-01-03,7
01-01-08-01-02-02-03,7
01-01-08-02-01-01-03,7
01-01-08-02-01-02-03,7
01-01-08-02-02-01-03,7
01-01-08-02-02-02-03,7
02-01-01-01-01-01-03,0
02-01-01-01-01-02-03,0
02-01-01-01-02-01-03,0
02-01-01-01-02-02-03,0
02-01-02-01-01-01-03,1
02-01-02-01-01-02-03,1
02-01-02-01-02-01-03,1
02-01-02-01-02-02-03,1
02-01-02-02-01-01-03,1
02-01-02-02-01-02-03,1
02-01-02-02-02-01-03,1
02-01-02-02-02-02-03,1
02-01-03-01-01-01-03,2
02-01-03-01-01-02-03,2
02-01-03-01-02-01-03,2
02-01-03-01-02-02-03,2
02-01-03-02-01-01-03,2
02-01-03-02-01-02-03,2
02-01-03-02-02-01-03,2
02-01-03-02-02-02-03,2
02-01-04-01-01-01-03,3
02-01-04-01-01-02-03,3
02-01-04-01-02-01-03,3
02-01-04-01-02-02-03,3
02-01-04-02-01-01-03,3
02-01-04-02-01-02-03,3
02-01-04-02-02-01-03,3
02-01-04-02-02-02-03,3
02-01-05-01-01-01-03,4
02-01-05-01-01-02-03,4
02-01-05-01-02-01-03,4
02-01-05-01-02-02-03,4
02-01-05-02-01-01-03,4
02-01-05-02-01-02-03,4
02-01-05-02-02-01-03,4
02-01-05-02-02-02-03,4
02-01-06-01-01-01-03,5
02-01-06-01-01-02-03,5
02-01-06-01-02-01-03,5
02-01-06-01-02-02-03,5
02-01-06-02-01-01-03,5
02-01-06-02-01-02-03,5
02-01-06-02-02-01-03,5
02-01-06-02-02-02-03,5
02-01-07-01-01-01-03,6
02-01-07-01-01-02-03,6
02-01-07-01-02-01-03,6
02-01-07-01-02-02-03,6
02-01-07-02-01-01-03,6
02-01-07-02-01-02-03,6
02-01-07-02-02-01-03,6
02-01-07-02-02-02-03,6
02-01-08-01-01-01-03,7
02-01-08-01-01-02-03,7
02-01-08-01-02-01-03,7
02-01-08-01-02-02-03,7
02-01-08-02-01-01-03,7
02-01-08-02-01-02-03,7
02-01-08-02-02-01-03,7
02-01-08-02-02-02-03,7
01-01-01-01-01-01-04,0
01-01-01-01-01-02-04,0
01-01-01-01-02-01-04,0
01-01-01-01-02-02-04,0
01-01-02-01-01-01-04,1
01-01-02-01-01-02-04,1
01-01-02-01-02-01-04,1
01-01-02-01-02-02-04,1
01-01-02-02-01-01-04,1
01-01-02-02-01-02-04,1
01-01-02-02-02-01-04,1
01-01-02-02-02-02-04,1
01-01-03-01-01-01-04,2
01-01-03-01-01-02-04,2
01-01-03-01-02-01-04,2
01-01-03-01-02-02-04,2
01-01-03-02-01-01-04,2
01-01-03-02-01-02-04,2
01-01-03-02-02-01-04,2
01-01-03-02-02-02-04,2
01-01-04-01-01-01-04,3
01-01-04-01-01-02-04,3
01-01-04-01-02-01-04,3
01-01-04-01-02-02-04,3
01-01-04-02-01-01-04,3
01-01-04-02-01-02-04,3
01-01-04-02-02-01-04,3
01-01-04-02-02-02-04,3
01-01-05-01-01-01-04,4
01-01-05-01-01-02-04,4
01-01-05-01-02-01-04,4
01-01-05-01-02-02-04,4
01-01-05-02-01-01-04,4
01-01-05-02-01-02-04,4
01-01-05-02-02-01-04,4
01-01-05-02-02-02-04,4
01-01-06-01-01-01-04,5
01-01-06-01-01-02-04,5
01-01-06-01-02-01-04,5
01-01-06-01-02-02-04,5
01-01-06-02-01-01-04,5
01-01-06-02-01-02-04,5
01-01-06-02-02-01-04,5
01-01-06-02-02-02-04,5
01-01-07-01-01-01-04,6
01-01-07-01-01-02-04,6
01-01-07-01-02-01-04,6
01-01-07-01-02-02-04,6
01-01-07-02-01-01-04,6
01-01-07-02-01-02-04,6
01-01-07-02-02-01-04,6
01-01-07-02-02-02-04,6
01-01-08-01-01-01-04,7
01-01-08-01-01-02-04,7
01-01-08-01-02-01-04,7
01-01-08-01-02-02-04,7
01-01-08-02-01-01-04,7
01-01-08-02-01-02-04,7
01-01-08-02-02-01-04,7
01-01-08-02-02-02-04,7
02-01-01-01-01-01-04,0
02-01-01-01-01-02-04,0
02-01-01-01-02-01-04,0
02-01-01-01-02-02-04,0
02-01-02-01-01-01-04,1
02-01-02-01-01-02-04,1
02-01-02-01-02-01-04,1
02-01-02-01-02-02-04,1
02-01-02-02-01-01-04,1
02-01-02-02-01-02-04,1
02-01-02-02-02-01-04,1
02-01-02-02-02-02-04,1
02-01-03-01-01-01-04,2
02-01-03-01-01-02-04,2
02-01-03-01-02-01-04,2
02-01-03-01-02-02-04,2
02-01-03-02-01-01-04,2
02-01-03-02-01-02-04,2
02-01-03-02-02-01-04,2
02-01-03-02-02-02-04,2
02-01-04-01-01-01-04,3
02-01-04-01-01-02-04,3
02-01-04-01-02-01-04,3
02-01-04-01-02-02-04,3
02-01-04-02-01-01-04,3
02-01-04-02-01-02-04,3
02-01-04-02-02-01-04,3
02-01-04-02-02-02-04,3
02-01-05-01-01-01-04,4
02-01-05-01-01-02-04,4
02-01-05-01-02-01-04,4
02-01-05-01-02-02-04,4
02-01-05-02-01-01-04,4
02-01-05-02-01-02-04,4
02-01-05-02-02-01-04,4
02-01-05-02-02-02-04,4
02-01-06-01-01-01-04,5
02-01-06-01-01-02-04,5
02-01-06-01-02-01-04,5
02-01-06-01-02-02-04,5
02-01-06-02-01-01-04,5
02-01-06-02-01-02-04,5
02-01-06-02-02-01-04,5
02-01-06-02-02-02-04,5
02-01-07-01-01-01-04,6
02-01-07-01-01-02-04,6
02-01-07-01-02-01-04,6
02-01-07-01-02-02-04,6
02-01-07-02-01-01-04,6
02-01-07-02-01-02-04,6
02-01-07-02-02-01-04,6
02-01-07-02-02-02-04,6
02-01-08-01-01-01-04,7
02-01-08-01-01-02-04,7
02-01-08-01-02-01-04,7
02-01-08-01-02-02-04,7
02-01-08-02-01-01-04,7
02-01-08-02-01-02-04,7
02-01-08-02-02-01-04,7
02-01-08-02-02-02-04,7
01-01-01-01-01-01-05,0
01-01-01-01-01-02-05,0
01-01-01-01-02-01-05,0
01-01-01-01-02-02-05,0
01-01-02-01-01-01-05,1
01-01-02-01-01-02-05,1
01-01-02-01-02-01-05,1
01-01-02-01-02-02-05,1
01-01-02-02-01-01-05,1
01-01-02-02-01-02-05,1
01-01-02-02-02-01-05,1
01-01-02-02-02-02-05,1
01-01-03-01-01-01-05,2
01-01-03-01-01-02-05,2
01-01-03-01-02-01-05,2
01-01-03-01-02-02-05,2
01-01-03-02-01-01-05,2
01-01-03-02-01-02-05,2
01-01-03-02-02-01-05,2
01-01-03-02-02-02-05,2
01-01-04-01-01-01-05,3
01-01-04-01-01-02-05,3
01-01-04-01-02-01-05,3
01-01-04-01-02-02-05,3
01-01-04-02-01-01-05,3
01-01-04-02-01-02-05,3
01-01-04-02-02-01-05,3
01-01-04-02-02-02-05,3
01-01-05-01-01-01-05,4
01-01-05-01-01-02-05,4
01-01-05-01-02-01-05,4
01-01-05-01-02-02-05,4
01-01-05-02-01-01-05,4
01-01-05-02-01-02-05,4
01-01-05-02-02-01-05,4
01-01-05-02-02-02-05,4
01-01-06-01-01-01-05,5
01-01-06-01-01-02-05,5
01-01-06-01-02-01-05,5
01-01-06-01-02-02-05,5
01-01-06-02-01-01-05,5
01-01-06-02-01-02-05,5
01-01-06-02-02-01-05,5
01-01-06-02-02-02-05,5
01-01-07-01-01-01-05,6
01-01-07-01-01-02-05,6
01-01-07-01-02-01-05,6
01-01-07-01-02-02-05,6
01-01-07-02-01-01-05,6
01-01-07-02-01-02-05,6
01-01-07-02-02-01-05,6
01-01-07-02-02-02-05,6
01-01-08-01-01-01-05,7
01-01-08-01-01-02-05,7
01-01-08-01-02-01-05,7
01-01-08-01-02-02-05,7
01-01-08-02-01-01-05,7
01-01-08-02-01-02-05,7
01-01-08-02-02-01-05,7
01-01-08-02-02-02-05,7
02-01-01-01-01-01-05,0
02-01-01-01-01-02-05,0
02-01-01-01-02-01-05,0
02-01-01-01-02-02-05,0
02-01-02-01-01-01-05,1
02-01-02-01-01-02-05,1
02-01-02-01-02-01-05,1
02-01-02-01-02-02-05,1
02-01-02-02-01-01-05,1
02-01-02-02-01-02-05,1
02-01-02-02-02-01-05,1
02-01-02-02-02-02-05,1
02-01-03-01-01-01-05,2
02-01-03-01-01-02-05,2
02-01-03-01-02-01-05,2
02-01-03-01-02-02-05,2
02-01-03-02-01-01-05,2
02-01-03-02-01-02-05,2
02-01-03-02-02-01-05,2
02-01-03-02-02-02-05,2
02-01-04-01-01-01-05,3
02-01-04-01-01-02-05,3
02-01-04-01-02-01-05,3
02-01-04-01-02-02-05,3
02-01-04-02-01-01-05,3
02-01-04-02-01-02-05,3
02-01-04-02-02-01-05,3
02-01-04-02-02-02-05,3
02-01-05-01-01-01-05,4
02-01-05-01-01-02-05,4
02-01-05-01-02-01-05,4
02-01-05-01-02-02-05,4
02-01-05-02-01-01-05,4
02-01-05-02-01-02-05,4
02-01-05-02-02-01-05,4
02-01-05-02-02-02-05,4
02-01-06-01-01-01-05,5
02-01-06-01-01-02-05,5
02-01-06-01-02-01-05,5
02-01-06-01-02-02-05,5
02-01-06-02-01-01-05,5
02-01-06-02-01-02-05,5
02-01-06-02-02-01-05,5
02-01-06-02-02-02-05,5
02-01-07-01-01-01-05,6
02-01-07-01-01-02-05,6
02-01-07-01-02-01-05,6
02-01-07-01-02-02-05,6
02-01-07-02-01-01-05,6
02-01-07-02-01-02-05,6
02-01-07-02-02-01-05,6
02-01-07-02-02-02-05,6
02-01-08-01-01-01-05,7
02-01-08-01-01-02-05,7
02-01-08-01-02-01-05,7
02-01-08-01-02-02-05,7
02-01-08-02-01-01-05,7
02-01-08-02-01-02-05,7
02-01-08-02-02-01-05,7
02-01-08-02-02-02-05,7
01-01-01-01-01-01-06,0
01-01-01-01-01-02-06,0
01-01-01-01-02-01-06,0
01-01-01-01-02-02-06,0
01-01-02-01-01-01-06,1
01-01-02-01-01-02-06,1
01-01-02-01-02-01-06,1
01-01-02-01-02-02-06,1
01-01-02-02-01-01-06,1
01-01-02-02-01-02-06,1
01-01-02-02-02-01-06,1
01-01-02-02-02-02-06,1
01-01-03-01-01-01-06,2
01-01-03-01-01-02-06,2
01-01-03-01-02-01-06,2
01-01-03-01-02-02-06,2
01-01-03-02-01-01-06,2
01-01-03-02-01-02-06,2
01-01-03-02-02-01-06,2
01-01-03-02-02-02-06,2
01-01-04-01-01-01-06,3
01-01-04-01-01-02-06,3
01-01-04-01-02-01-06,3
01-01-04-01-02-02-06,3
01-01-04-02-01-01-06,3
01-01-04-02-01-02-06,3
01-01-04-02-02-01-06,3
01-01-04-02-02-02-06,3
01-01-05-01-01-01-06,4
01-01-05-01-01-02-06,4
01-01-05-01-02-01-06,4
01-01-05-01-02-02-06,4
01-01-05-02-01-01-06,4
01-01-05-02-01-02-06,4
01-01-05-02-02-01-06,4
01-01-05-02-02-02-06,4
01-01-06-01-01-01-06,5
01-01-06-01-01-02-06,5
01-01-06-01-02-01-06,5
01-01-06-01-02-02-06,5
01-01-06-02-01-01-06,5
01-01-06-02-01-02-06,5
01-01-06-02-02-01-06,5
01-01-06-02-02-02-06,5
01-01-07-01-01-01-06,6
01-01-07-01-01-02-06,6
01-01-07-01-02-01-06,6
01-01-07-01-02-02-06,6
01-01-07-02-01-01-06,6
01-01-07-02-01-02-06,6
01-01-07-02-02-01-06,6
01-01-07-02-02-02-06,6
01-01-08-01-01-01-06,7
01-01-08-01-01-02-06,7
01-01-08-01-02-01-06,7
01-01-08-01-02-02-06,7
01-01-08-02-01-01-06,7
01-01-08-02-01-02-06,7
01-01-08-02-02-01-06,7
01-01-08-02-02-02-06,7
02-01-01-01-01-01-06,0
02-01-01-01-01-02-06,0
02-01-01-01-02-01-06,0
02-01-01-01-02-02-06,0
02-01-02-01-01-01-06,1
02-01-02-01-01-02-06,1
02-01-02-01-02-01-06,1
02-01-02-01-02-02-06,1
02-01-02-02-01-01-06,1
02-01-02-02-01-02-06,1
02-01-02-02-02-01-06,1
02-01-02-02-02-02-06,1
02-01-03-01-01-01-06,2
02-01-03-01-01-02-06,2
02-01-03-01-02-01-06,2
02-01-03-01-02-02-06,2
02-01-03-02-01-01-06,2
02-01-03-02-01-02-06,2
02-01-03-02-02-01-06,2
02-01-03-02-02-02-06,2
02-01-04-01-01-01-06,3
02-01-04-01-01-02-06,3
02-01-04-01-02-01-06,3
02-01-04-01-02-02-06,3
02-01-04-02-01-01-06,3
02-01-04-02-01-02-06,3
02-01-04-02-02-01-06,3
02-01-04-02-02-02-06,3
02-01-05-01-01-01-06,4
02-01-05-01-01-02-06,4
02-01-05-01-02-01-06,4
02-01-05-01-02-02-06,4
02-01-05-02-01-01-06,4
02-01-05-02-01-02-06,4
02-01-05-02-02-01-06,4
02-01-05-02-02-02-06,4
02-01-06-01-01-01-06,5
02-01-06-01-01-02-06,5
02-01-06-01-02-01-06,5
02-01-06-01-02-02-06,5
02-01-06-02-01-01-06,5
02-01-06-02-01-02-06,5
02-01-06-02-02-01-06,5
02-01-06-02-02-02-06,5
02-01-07-01-01-01-06,6
02-01-07-01-01-02-06,6
02-01-07-01-02-01-06,6
02-01-07-01-02-02-06,6
02-01-07-02-01-01-06,6
02-01-07-02-01-02-06,6
02-01-07-02-02-01-06,6
02-01-07-02-02-02-06,6
02-01-08-01-01-01-06,7
02-01-08-01-01-02-06,7
02-01-08-01-02-01-06,7
02-01-08-01-02-02-06,7
02-01-08-02-01-01-06,7
02-01-08-02-01-02-06,7
02-01-08-02-02-01-06,7
02-01-08-02-02-02-06,7
01-01-01-01-01-01-07,0
01-01-01-01-01-02-07,0
01-01-01-01-02-01-07,0
01-01-01-01-02-02-07,0
01-01-02-01-01-01-07,1
01-01-02-01-01-02-07,1
01-01-02-01-02-01-07,1
01-01-02-01-02-02-07,1
01-01-02-02-01-01-07,1
01-01-02-02-01-02-07,1
01-01-02-02-02-01-07,1
01-01-02-02-02-02-07,1
01-01-03-01-01-01-07,2
01-01-03-01-01-02-07,2
01-01-03-01-02-01-07,2
01-01-03-01-02-02-07,2
01-01-03-02-01-01-07,2
01-01-03-02-01-02-07,2
01-01-03-02-02-01-07,2
01-01-03-02-02-02-07,2
01-01-04-01-01-01-07,3
01-01-04-01-01-02-07,3
01-01-04-01-02-01-07,3
01-01-04-01-02-02-07,3
01-01-04-02-01-01-07,3
01-01-04-02-01-02-07,3
01-01-04-02-02-01-07,3
01-01-04-02-02-02-07,3
01-01-05-01-01-01-07,4
01-01-05-01-01-02-07,4
01-01-05-01-02-01-07,4
01-01-05-01-02-02-07,4
01-01-05-02-01-01-07,4
01-01-05-02-01-02-07,4
01-01-05-02-02-01-07,4
01-01-05-02-02-02-07,4
01-01-06-01-01-01-07,5
01-01-06-01-01-02-07,5
01-01-06-01-02-01-07,5
01-01-06-01-02-02-07,5
01-01-06-02-01-01-07,5
01-01-06-02-01-02-07,5
01-01-06-02-02-01-07,5
01-01-06-02-02-02-07,5
01-01-07-01-01-01-07,6
01-01-07-01-01-02-07,6
01-01-07-01-02-01-07,6
01-01-07-01-02-02-07,6
01-01-07-02-01-01-07,6
01-01-07-02-01-02-07,6
01-01-07-02-02-01-07,6
01-01-07-02-02-02-07,6
01-01-08-01-01-01-07,7
01-01-08-01-01-02-07,7
01-01-08-01-02-01-07,7
01-01-08-01-02-02-07,7
01-01-08-02-01-01-07,7
01-01-08-02-01-02-07,7
01-01-08-02-02-01-07,7
01-01-08-02-02-02-07,7
02-01-01-01-01-01-07,0
02-01-01-01-01-02-07,0
02-01-01-01-02-01-07,0
02-01-01-01-02-02-07,0
02-01-02-01-01-01-07,1
02-01-02-01-01-02-07,1
02-01-02-01-02-01-07,1
02-01-02-01-02-02-07,1
02-01-02-02-01-01-07,1
02-01-02-02-01-02-07,1
02-01-02-02-02-01-07,1
02-01-02-02-02-02-07,1
02-01-03-01-01-01-07,2
02-01-03-01-01-02-07,2
02-01-03-01-02-01-07,2
02-01-03-01-02-02-07,2
02-01-03-02-01-01-07,2
02-01-03-02-01-02-07,2
02-01-03-02-02-01-07,2
02-01-03-02-02-02-07,2
02-01-04-01-01-01-07,3
02-01-04-01-01-02-07,3
02-01-04-01-02-01-07,3
02-01-04-01-02-02-07,3
02-01-04-02-01-01-07,3
02-01-04-02-01-02-07,3
02-01-04-02-02-01-07,3
02-01-04-02-02-02-07,3
02-01-05-01-01-01-07,4
02-01-05-01-01-02-07,4
02-01-05-01-02-01-07,4
02-01-05-01-02-02-07,4
02-01-05-02-01-01-07,4
02-01-05-02-01-02-07,4
02-01-05-02-02-01-07,4
02-01-05-02-02-02-07,4
02-01-06-01-01-01-07,5
02-01-06-01-01-02-07,5
02-01-06-01-02-01-07,5
02-01-06-01-02-02-07,5
02-01-06-02-01-01-07,5
02-01-06-02-01-02-07,5
02-01-06-02-02-01-07,5
02-01-06-02-02-02-07,5
02-01-07-01-01-01-07,6
02-01-07-01-01-02-07,6
02-01-07-01-02-01-07,6
02-01-07-01-02-02-07,6
02-01-07-02-01-01-07,6
02-01-07-02-01-02-07,6
02-01-07-02-02-01-07,6
02-01-07-02-02-02-07,6
02-01-08-01-01-01-07,7
02-01-08-01-01-02-07,7
02-01-08-01-02-01-07,7
02-01-08-01-02-02-07,7
02-01-08-02-01-01-07,7
02-01-08-02-01-02-07,7
02-01-08-02-02-01-07,7
02-01-08-02-02-02-07,7
01-01-01-01-01-01-08,0
01-01-01-01-01-02-08,0
01-01-01-01-02-01-08,0
01-01-01-01-02-02-08,0
01-01-02-01-01-01-08,1
01-01-02-01-01-02-08,1
01-01-02-01-02-01-08,1
01-01-02-01-02-02-08,1
01-01-02-02-01-01-08,1
01-01-02-02-01-02-08,1
01-01-02-02-02-01-08,1
01-01-02-02-02-02-08,1
01-01-03-01-01-01-08,2
01-01-03-01-01-02-08,2
01-01-03-01-02-01-08,2
01-01-03-01-02-02-08,2
01-01-03-02-01-01-08,2
01-01-03-02-01-02-08,2
01-01-03-02-02-01-08,2
01-01-03-02-02-02-08,2
01-01-04-01-01-01-08,3
01-01-04-01-01-02-08,3
01-01-04-01-02-01-08,3
01-01-04-01-02-02-08,3
01-01-04-02-01-01-08,3
01-01-04-02-01-02-08,3
01-01-04-02-02-01-08,3
01-01-04-02-02-02-08,3
01-01-05-01-01-01-08,4
01-01-05-01-01-02-08,4
01-01-05-01-02-01-08,4
01-01-05-01-02-02-08,4
01-01-05-02-01-01-08,4
01-01-05-02-01-02-08,4
01-01-05-02-02-01-08,4
01-01-05-02-02-02-08,4
01-01-06-01-01-01-08,5
01-01-06-01-01-02-08,5
01-01-06-01-02-01-08,5
01-01-06-01-02-02-08,5
01-01-06-02-01-01-08,5
01-01-06-02-01-02-08,5
01-01-06-02-02-01-08,5
01-01-06-02-02-02-08,5
01-01-07-01-01-01-08,6
01-01-07-01-01-02-08,6
01-01-07-01-02-01-08,6
01-01-07-01-02-02-08,6
01-01-07-02-01-01-08,6
01-01-07-02-01-02-08,6
01-01-07-02-02-01-08,6
01-01-07-02-02-02-08,6
01-01-08-01-01-01-08,7
01-01-08-01-01-02-08,7
01-01-08-01-02-01-08,7
01-01-08-01-02-02-08,7
01-01-08-02-01-01-08,7
01-01-08-02-01-02-08,7
01-01-08-02-02-01-08,7
01-01-08-02-02-02-08,7
02-01-01-01-01-01-08,0
02-01-01-01-01-02-08,0
02-01-01-01-02-01-08,0
02-01-01-01-02-02-08,0
02-01-02-01-01-01-08,1
02-01-02-01-01-02-08,1
02-01-02-01-02-01-08,1
02-01-02-01-02-02-08,1
02-01-02-02-01-01-08,1
02-01-02-02-01-02-08,1
02-01-02-02-02-01-08,1
02-01-02-02-02-02-08,1
02-01-03-01-01-01-08,2
02-01-03-01-01-02-08,2
02-01-03-01-02-01-08,2
02-01-03-01-02-02-08,2
02-01-03-02-01-01-08,2
02-01-03-02-01-02-08,2
02-01-03-02-02-01-08,2
02-01-03-02-02-02-08,2
02-01-04-01-01-01-08,3
02-01-04-01-01-02-08,3
02-01-04-01-02-01-08,3
02-01-04-01-02-02-08,3
02-01-04-02-01-01-08,3
02-01-04-02-01-02-08,3
02-01-04-02-02-01-08,3
02-01-04-02-02-02-08,3
02-01-05-01-01-01-08,4
02-01-05-01-01-02-08,4
02-01-05-01-02-01-08,4
02-01-05-01-02-02-08,4
02-01-05-02-01-01-08,4
02-01-05-02-01-02-08,4
02-01-05-02-02-01-08,4
02-01-05-02-02-02-08,4
02-01-06-01-01-01-08,5
02-01-06-01-01-02-08,5
02-01-06-01-02-01-08,5
02-01-06-01-02-02-08,5
02-01-06-02-01-01-08,5
02-01-06-02-01-02-08,5
02-01-06-02-02-01-08,5
02-01-06-02-02-02-08,5
02-01-07-01-01-01-08,6
02-01-07-01-01-02-08,6
02-01-07-01-02-01-08,6
02-01-07-01-02-02-08,6
02-01-07-02-01-01-08,6
02-01-07-02-01-02-08,6
02-01-07-02-02-01-08,6
02-01-07-02-02-02-08,6
02-01-08-01-01-01-08,7
02-01-08-01-01-02-08,7
02-01-08-01-02-01-08,7
02-01-08-01-02-02-08,7
02-01-08-02-01-01-08,7
02-01-08-02-01-02-08,7
02-01-08-02-02-01-08,7
02-01-08-02-02-02-08,7
01-01-01-01-01-01-09,0
01-01-01-01-01-02-09,0
01-01-01-01-02-01-09,0
01-01-01-01-02-02-09,0
01-01-02-01-01-01-09,1
01-01-02-01-01-02-09,1
01-01-02-01-02-01-09,1
01-01-02-01-02-02-09,1
01-01-02-02-01-01-09,1
01-01-02-02-01-02-09,1
01-01-02-02-02-01-09,1
01-01-02-02-02-02-09,1
01-01-03-01-01-01-09,2
01-01-03-01-01-02-09,2
01-01-03-01-02-01-09,2
01-01-03-01-02-02-09,2
01-01-03-02-01-01-09,2
01-01-03-02-01-02-09,2
01-01-03-02-02-01-09,2
01-01-03-02-02-02-09,2
01-01-04-01-01-01-09,3
01-01-04-01-01-02-09,3
01-01-04-01-02-01-09,3
01-01-04-01-02-02-09,3
01-01-04-02-01-01-09,3
01-01-04-02-01-02-09,3
01-01-04-02-02-01-09,3
01-01-04-02-02-02-09,3
01-01-05-01-01-01-09,4
01-01-05-01-01-02-09,4
01-01-05-01-02-01-09,4
01-01-05-01-02-02-09,4
01-01-05-02-01-01-09,4
01-01-05-02-01-02-09,4
01-01-05-02-02-01-09,4
01-01-05-02-02-02-09,4
01-01-06-01-01-01-09,5
01-01-06-01-01-02-09,5
01-01-06-01-02-01-09,5
01-01-06-01-02-02-09,5
01-01-06-02-01-01-09,5
01-01-06-02-01-02-09,5
01-01-06-02-02-01-09,5
01-01-06-02-02-02-09,5
01-01-07-01-01-01-09,6
01-01-07-01-01-02-09,6
01-01-07-01-02-01-09,6
01-01-07-01-02-02-09,6
01-01-07-02-01-01-09,6
01-01-07-02-01-02-09,6
01-01-07-02-02-01-09,6
01-01-07-02-02-02-09,6
01-01-08-01-01-01-09,7
01-01-08-01-01-02-09,7
01-01-08-01-02-01-09,7
01-01-08-01-02-02-09,7
01-01-08-02-01-01-09,7
01-01-08-02-01-02-09,7
01-01-08-02-02-01-09,7
01-01-08-02-02-02-09,7
02-01-01-01-01-01-09,0
02-01-01-01-01-02-09,0
02-01-01-01-02-01-09,0
02-01-01-01-02-02-09,0
02-01-02-01-01-01-09,1
02-01-02-01-01-02-09,1
02-01-02-01-02-01-09,1
02-01-02-01-02-02-09,1
02-01-02-02-01-01-09,1
02-01-02-02-01-02-09,1
02-01-02-02-02-01-09,1
02-01-02-02-02-02-09,1
02-01-03-01-01-01-09,2
02-01-03-01-01-02-09,2
02-01-03-01-02-01-09,2
02-01-03-01-02-02-09,2
02-01-03-02-01-01-09,2
02-01-03-02-01-02-09,2
02-01-03-02-02-01-09,2
02-01-03-02-02-02-09,2
02-01-04-01-01-01-09,3
02-01-04-01-01-02-09,3
02-01-04-01-02-01-09,3
02-01-04-01-02-02-09,3
02-01-04-02-01-01-09,3
02-01-04-02-01-02-09,3
02-01-04-02-02-01-09,3
02-01-04-02-02-02-09,3
02-01-05-01-01-01-09,4
02-01-05-01-01-02-09,4
02-01-05-01-02-01-09,4
02-01-05-01-02-02-09,4
02-01-05-02-01-01-09,4
02-01-05-02-01-02-09,4
02-01-05-02-02-01-09,4
02-01-05-02-02-02-09,4
02-01-06-01-01-01-09,5
02-01-06-01-01-02-09,5
02-01-06-01-02-01-09,5
02-01-06-01-02-02-09,5
02-01-06-02-01-01-09,5
02-01-06-02-01-02-09,5
02-01-06-02-02-01-09,5
02-01-06-02-02-02-09,5
02-01-07-01-01-01-09,6
02-01-07-01-01-02-09,6
02-01-07-01-02-01-09,6
02-01-07-01-02-02-09,6
02-01-07-02-01-01-09,6
02-01-07-02-01-02-09,6
02-01-07-02-02-01-09,6
02-01-07-02-02-02-09,6
02-01-08-01-01-01-09,7
02-01-08-01-01-02-09,7
02-01-08-01-02-01-09,7
02-01-08-01-02-02-09,7
02-01-08-02-01-01-09,7
02-01-08-02-01-02-09,7
02-01-08-02-02-01-09,7
02-01-08-02-02-02-09,7
01-01-01-01-01-01-10,0
01-01-01-01-01-02-10,0
01-01-01-01-02-01-10,0
01-01-01-01-02-02-10,0
01-01-02-01-01-01-10,1
01-01-02-01-01-02-10,1
01-01-02-01-02-01-10,1
01-01-02-01-02-02-10,1
01-01-02-02-01-01-10,1
01-01-02-02-01-02-10,1
01-01-02-02-02-01-10,1
01-01-02-02-02-02-10,1
01-01-03-01-01-01-10,2
01-01-03-01-01-02-10,2
01-01-03-01-02-01-10,2
01-01-03-01-02-02-10,2
01-01-03-02-01-01-10,2
01-01-03-02-01-02-10,2
01-01-03-02-02-01-10,2
01-01-03-02-02-02-10,2
01-01-04-01-01-01-10,3
01-01-04-01-01-02-10,3
01-01-04-01-02-01-10,3
01-01-04-01-02-02-10,3
01-01-04-02-01-01-10,3
01-01-04-02-01-02-10,3
01-01-04-02-02-01-10,3
01-01-04-02-02-02-10,3
01-01-05-01-01-01-10,4
01-01-05-01-01-02-10,4
01-01-05-01-02-01-10,4
01-01-05-01-02-02-10,4
01-01-05-02-01-01-10,4
01-01-05-02-01-02-10,4
01-01-05-02-02-01-10,4
01-01-05-02-02-02-10,4
01-01-06-01-01-01-10,5
01-01-06-01-01-02-10,5
01-01-06-01-02-01-10,5
01-01-06-01-02-02-10,5
01-01-06-02-01-01-10,5
01-01-06-02-01-02-10,5
01-01-06-02-02-01-10,5
01-01-06-02-02-02-10,5
01-01-07-01-01-01-10,6
01-01-07-01-01-02-10,6
01-01-07-01-02-01-10,6
01-01-07-01-02-02-10,6
01-01-07-02-01-01-10,6
01-01-07-02-01-02-10,6
01-01-07-02-02-01-10,6
01-01-07-02-02-02-10,6
01-01-08-01-01-01-10,7
01-01-08-01-01-02-10,7
01-01-08-01-02-01-10,7
01-01-08-01-02-02-10,7
01-01-08-02-01-01-10,7
01-01-08-02-01-02-10,7
01-01-08-02-02-01-10,7
01-01-08-02-02-02-10,7
02-01-01-01-01-01-10,0
02-01-01-01-01-02-10,0
02-01-01-01-02-01-10,0
02-01-01-01-02-02-10,0
02-01-02-01-01-01-10,1
02-01-02-01-01-02-10,1
02-01-02-01-02-01-10,1
02-01-02-01-02-02-10,1
02-01-02-02-01-01-10,1
02-01-02-02-01-02-10,1
02-01-02-02-02-01-10,1
02-01-02-02-02-02-10,1
02-01-03-01-01-01-10,2
02-01-03-01-01-02-10,2
02-01-03-01-02-01-10,2
02-01-03-01-02-02-10,2
02-01-03-02-01-01-10,2
02-01-03-02-01-02-10,2
02-01-03-02-02-01-10,2
02-01-03-02-02-02-10,2
02-01-04-01-01-01-10,3
02-01-04-01-01-02-10,3
02-01-04-01-02-01-10,3
02-01-04-01-02-02-10,3
02-01-04-02-01-01-10,3
02-01-04-02-01-02-10,3
02-01-04-02-02-01-10,3
02-01-04-02-02-02-10,3
02-01-05-01-01-01-10,4
02-01-05-01-01-02-10,4
02-01-05-01-02-01-10,4
02-01-05-01-02-02-10,4
02-01-05-02-01-01-10,4
02-01-05-02-01-02-10,4
02-01-05-02-02-01-10,4
02-01-05-02-02-02-10,4
02-01-06-01-01-01-10,5
02-01-06-01-01-02-10,5
02-01-06-01-02-01-10,5
02-01-06-01-02-02-10,5
02-01-06-02-01-01-10,5
02-01-06-02-01-02-10,5
02-01-06-02-02-01-10,5
02-01-06-02-02-02-10,5
02-01-07-01-01-01-10,6
02-01-07-01-01-02-10,6
02-01-07-01-02-01-10,6
02-01-07-01-02-02-10,6
02-01-07-02-01-01-10,6
02-01-07-02-01-02-10,6
02-01-07-02-02-01-10,6
02-01-07-02-02-02-10,6
02-01-08-01-01-01-10,7
02-01-08-01-01-02-10,7
02-01-08-01-02-01-10,7
02-01-08-01-02-02-10,7
02-01-08-02-01-01-10,7
02-01-08-02-01-02-10,7
02-01-08-02-02-01-10,7
02-01-08-02-02-02-10,7
01-01-01-01-01-01-11,0
01-01-01-01-01-02-11,0
01-01-01-01-02-01-11,0
01-01-01-01-02-02-11,0
01-01-02-01-01-01-11,1
01-01-02-01-01-02-11,1
01-01-02-01-02-01-11,1
01-01-02-01-02-02-11,1
01-01-02-02-01-01-11,1
01-01-02-02-01-02-11,1
01-01-02-02-02-01-11,1
01-01-02-02-02-02-11,1
01-01-03-01-01-01-11,2
01-01-03-01-01-02-11,2
01-01-03-01-02-01-11,2
01-01-03-01-02-02-11,2
01-01-03-02-01-01-11,2
01-01-03-02-01-02-11,2
01-01-03-02-02-01-11,2
01-01-03-02-02-02-11,2
01-01-04-01-01-01-11,3
01-01-04-01-01-02-11,3
01-01-04-01-02-01-11,3
01-01-04-01-02-02-11,3
01-01-04-02-01-01-11,3
01-01-04-02-01-02-11,3
01-01-04-02-02-01-11,3
01-01-04-02-02-02-11,3
01-01-05-01-01-01-11,4
01-01-05-01-01-02-11,4
01-01-05-01-02-01-11,4
01-01-05-01-02-02-11,4
01-01-05-02-01-01-11,4
01-01-05-02-01-02-11,4
01-01-05-02-02-01-11,4
01-01-05-02-02-02-11,4
01-01-06-01-01-01-11,5
01-01-06-01-01-02-11,5
01-01-06-01-02-01-11,5
01-01-06-01-02-02-11,5
01-01-06-02-01-01-11,5
01-01-06-02-01-02-11,5
01-01-06-02-02-01-11,5
01-01-06-02-02-02-11,5
01-01-07-01-01-01-11,6
01-01-07-01-01-02-11,6
01-01-07-01-02-01-11,6
01-01-07-01-02-02-11,6
01-01-07-02-01-01-11,6
01-01-07-02-01-02-11,6
01-01-07-02-02-01-11,6
01-01-07-02-02-02-11,6
01-01-08-01-01-01-11,7
01-01-08-01-01-02-11,7
01-01-08-01-02-01-11,7
01-01-08-01-02-02-11,7
01-01-08-02-01-01-11,7
01-01-08-02-01-02-11,7
01-01-08-02-02-01-11,7
01-01-08-02-02-02-11,7
02-01-01-01-01-01-11,0
02-01-01-01-01-02-11,0
02-01-01-01-02-01-11,0
02-01-01-01-02-02-11,0
02-01-02-01-01-01-11,1
02-01-02-01-01-02-11,1
02-01-02-01-02-01-11,1
02-01-02-01-02-02-11,1
02-01-02-02-01-01-11,1
02-01-02-02-01-02-11,1
02-01-02-02-02-01-11,1
02-01-02-02-02-02-11,1
02-01-03-01-01-01-11,2
02-01-03-01-01-02-11,2
02-01-03-01-02-01-11,2
02-01-03-01-02-02-11,2
02-01-03-02-01-01-11,2
02-01-03-02-01-02-11,2
02-01-03-02-02-01-11,2
02-01-03-02-02-02-11,2
02-01-04-01-01-01-11,3
02-01-04-01-01-02-11,3
02-01-04-01-02-01-11,3
02-01-04-01-02-02-11,3
02-01-04-02-01-01-11,3
02-01-04-02-01-02-11,3
02-01-04-02-02-01-11,3
02-01-04-02-02-02-11,3
02-01-05-01-01-01-11,4
02-01-05-01-01-02-11,4
02-01-05-01-02-01-11,4
02-01-05-01-02-02-11,4
02-01-05-02-01-01-11,4
02-01-05-02-01-02-11,4
02-01-05-02-02-01-11,4
02-01-05-02-02-02-11,4
02-01-06-01-01-01-11,5
02-01-06-01-01-02-11,5
02-01-06-01-02-01-11,5
02-01-06-01-02-02-11,5
02-01-06-02-01-01-11,5
02-01-06-02-01-02-11,5
02-01-06-02-02-01-11,5
02-01-06-02-02-02-11,5
02-01-07-01-01-01-11,6
02-01-07-01-01-02-11,6
02-01-07-01-02-01-11,6
02-01-07-01-02-02-11,6
02-01-07-02-01-01-11,6
02-01-07-02-01-02-11,6
02-01-07-02-02-01-11,6
02-01-07-02-02-02-11,6
02-01-08-01-01-01-11,7
02-01-08-01-01-02-11,7
02-01-08-01-02-01-11,7
02-01-08-01-02-02-11,7
02-01-08-02-01-01-11,7
02-01-08-02-01-02-11,7
02-01-08-02-02-01-11,7
02-01-08-02-02-02-11,7
01-01-01-01-01-01-13,0
01-01-01-01-01-02-13,0
01-01-01-01-02-01-13,0
01-01-01-01-02-02-13,0
01-01-02-01-01-01-13,1
01-01-02-01-01-02-13,1
01-01-02-01-02-01-13,1
01-01-02-01-02-02-13,1
01-01-02-02-01-01-13,1
01-01-02-02-01-02-13,1
01-01-02-02-02-01-13,1
01-01-02-02-02-02-13,1
01-01-03-01-01-01-13,2
01-01-03-01-01-02-13,2
01-01-03-01-02-01-13,2
01-01-03-01-02-02-13,2
01-01-03-02-01-01-13,2
01-01-03-02-01-02-13,2
01-01-03-02-02-01-13,2
01-01-03-02-02-02-13,2
01-01-04-01-01-01-13,3
01-01-04-01-01-02-13,3
01-01-04-01-02-01-13,3
01-01-04-01-02-02-13,3
01-01-04-02-01-01-13,3
01-01-04-02-01-02-13,3
01-01-04-02-02-01-13,3
01-01-04-02-02-02-13,3
01-01-05-01-01-01-13,4
01-01-05-01-01-02-13,4
01-01-05-01-02-01-13,4
01-01-05-01-02-02-13,4
01-01-05-02-01-01-13,4
01-01-05-02-01-02-13,4
01-01-05-02-02-01-13,4
01-01-05-02-02-02-13,4
01-01-06-01-01-01-13,5
01-01-06-01-01-02-13,5
01-01-06-01-02-01-13,5
01-01-06-01-02-02-13,5
01-01-06-02-01-01-13,5
01-01-06-02-01-02-13,5
01-01-06-02-02-01-13,5
01-01-06-02-02-02-13,5
01-01-07-01-01-01-13,6
01-01-07-01-01-02-13,6
01-01-07-01-02-01-13,6
01-01-07-01-02-02-13,6
01-01-07-02-01-01-13,6
01-01-07-02-01-02-13,6
01-01-07-02-02-01-13,6
01-01-07-02-02-02-13,6
01-01-08-01-01-01-13,7
01-01-08-01-01-02-13,7
01-01-08-01-02-01-13,7
01-01-08-01-02-02-13,7
01-01-08-02-01-01-13,7
01-01-08-02-01-02-13,7
01-01-08-02-02-01-13,7
01-01-08-02-02-02-13,7
02-01-01-01-01-01-13,0
02-01-01-01-01-02-13,0
02-01-01-01-02-01-13,0
02-01-01-01-02-02-13,0
02-01-02-01-01-01-13,1
02-01-02-01-01-02-13,1
02-01-02-01-02-01-13,1
02-01-02-01-02-02-13,1
02-01-02-02-01-01-13,1
02-01-02-02-01-02-13,1
02-01-02-02-02-01-13,1
02-01-02-02-02-02-13,1
02-01-03-01-01-01-13,2
02-01-03-01-01-02-13,2
02-01-03-01-02-01-13,2
02-01-03-01-02-02-13,2
02-01-03-02-01-01-13,2
02-01-03-02-01-02-13,2
02-01-03-02-02-01-13,2
02-01-03-02-02-02-13,2
02-01-04-01-01-01-13,3
02-01-04-01-01-02-13,3
02-01-04-01-02-01-13,3
02-01-04-01-02-02-13,3
02-01-04-02-01-01-13,3
02-01-04-02-01-02-13,3
02-01-04-02-02-01-13,3
02-01-04-02-02-02-13,3
02-01-05-01-01-01-13,4
02-01-05-01-01-02-13,4
02-01-05-01-02-01-13,4
02-01-05-01-02-02-13,4
02-01-05-02-01-01-13,4
02-01-05-02-01-02-13,4
02-01-05-02-02-01-13,4
02-01-05-02-02-02-13,4
02-01-06-01-01-01-13,5
02-01-06-01-01-02-13,5
02-01-06-01-02-01-13,5
02-01-06-01-02-02-13,5
02-01-06-02-01-01-13,5
02-01-06-02-01-02-13,5
02-01-06-02-02-01-13,5
02-01-06-02-02-02-13,5
02-01-07-01-01-01-13,6
02-01-07-01-01-02-13,6
02-01-07-01-02-01-13,6
02-01-07-01-02-02-13,6
02-01-07-02-01-01-13,6
02-01-07-02-01-02-13,6
02-01-07-02-02-01-13,6
02-01-07-02-02-02-13,6
02-01-08-01-01-01-13,7
02-01-08-01-01-02-13,7
02-01-08-01-02-01-13,7
02-01-08-01-02-02-13,7
02-01-08-02-01-01-13,7
02-01-08-02-01-02-13,7
02-01-08-02-02-01-13,7
02-01-08-02-02-02-13,7
01-01-01-01-01-01-14,0
01-01-01-01-01-02-14,0
01-01-01-01-02-01-14,0
01-01-01-01-02-02-14,0
01-01-02-01-01-01-14,1
01-01-02-01-01-02-14,1
01-01-02-01-02-01-14,1
01-01-02-01-02-02-14,1
01-01-02-02-01-01-14,1
01-01-02-02-01-02-14,1
01-01-02-02-02-01-14,1
01-01-02-02-02-02-14,1
01-01-03-01-01-01-14,2
01-01-03-01-01-02-14,2
01-01-03-01-02-01-14,2
01-01-03-01-02-02-14,2
01-01-03-02-01-01-14,2
01-01-03-02-01-02-14,2
01-01-03-02-02-01-14,2
01-01-03-02-02-02-14,2
01-01-04-01-01-01-14,3
01-01-04-01-01-02-14,3
01-01-04-01-02-01-14,3
01-01-04-01-02-02-14,3
01-01-04-02-01-01-14,3
01-01-04-02-01-02-14,3
01-01-04-02-02-01-14,3
01-01-04-02-02-02-14,3
01-01-05-01-01-01-14,4
01-01-05-01-01-02-14,4
01-01-05-01-02-01-14,4
01-01-05-01-02-02-14,4
01-01-05-02-01-01-14,4
01-01-05-02-01-02-14,4
01-01-05-02-02-01-14,4
01-01-05-02-02-02-14,4
01-01-06-01-01-01-14,5
01-01-06-01-01-02-14,5
01-01-06-01-02-01-14,5
01-01-06-01-02-02-14,5
01-01-06-02-01-01-14,5
01-01-06-02-01-02-14,5
01-01-06-02-02-01-14,5
01-01-06-02-02-02-14,5
01-01-07-01-01-01-14,6
01-01-07-01-01-02-14,6
01-01-07-01-02-01-14,6
01-01-07-01-02-02-14,6
01-01-07-02-01-01-14,6
01-01-07-02-01-02-14,6
01-01-07-02-02-01-14,6
01-01-07-02-02-02-14,6
01-01-08-01-01-01-14,7
01-01-08-01-01-02-14,7
01-01-08-01-02-01-14,7
01-01-08-01-02-02-14,7
01-01-08-02-01-01-14,7
01-01-08-02-01-02-14,7
01-01-08-02-02-01-14,7
01-01-08-02-02-02-14,7
02-01-01-01-01-01-14,0
02-01-01-01-01-02-14,0
02-01-01-01-02-01-14,0
02-01-01-01-02-02-14,0
02-01-02-01-01-01-14,1
02-01-02-01-01-02-14,1
02-01-02-01-02-01-14,1
02-01-02-01-02-02-14,1
02-01-02-02-01-01-14,1
02-01-02-02-01-02-14,1
02-01-02-02-02-01-14,1
02-01-02-02-02-02-14,1
02-01-03-01-01-01-14,2
02-01-03-01-01-02-14,2
02-01-03-01-02-01-14,2
02-01-03-01-02-02-14,2
02-01-03-02-01-01-14,2
02-01-03-02-01-02-14,2
02-01-03-02-02-01-14,2
02-01-03-02-02-02-14,2
02-01-04-01-01-01-14,3
02-01-04-01-01-02-14,3
02-01-04-01-02-01-14,3
02-01-04-01-02-02-14,3
02-01-04-02-01-01-14,3
02-01-04-02-01-02-14,3
02-01-04-02-02-01-14,3
02-01-04-02-02-02-14,3
02-01-05-01-01-01-14,4
02-01-05-01-01-02-14,4
02-01-05-01-02-01-14,4
02-01-05-01-02-02-14,4
02-01-05-02-01-01-14,4
02-01-05-02-01-02-14,4
02-01-05-02-02-01-14,4
02-01-05-02-02-02-14,4
02-01-06-01-01-01-14,5
02-01-06-01-01-02-14,5
02-01-06-01-02-01-14,5
02-01-06-01-02-02-14,5
02-01-06-02-01-01-14,5
02-01-06-02-01-02-14,5
02-01-06-02-02-01-14,5
02-01-06-02-02-02-14,5
02-01-07-01-01-01-14,6
02-01-07-01-01-02-14,6
02-01-07-01-02-01-14,6
02-01-07-01-02-02-14,6
02-01-07-02-01-01-14,6
02-01-07-02-01-02-14,6
02-01-07-02-02-01-14,6
02-01-07-02-02-02-14,6
02-01-08-01-01-01-14,7
02-01-08-01-01-02-14,7
02-01-08-01-02-01-14,7
02-01-08-01-02-02-14,7
02-01-08-02-01-01-14,7
02-01-08-02-01-02-14,7
02-01-08-02-02-01-14,7
02-01-08-02-02-02-14,7
01-01-01-01-01-01-15,0
01-01-01-01-01-02-15,0
01-01-01-01-02-01-15,0
01-01-01-01-02-02-15,0
01-01-02-01-01-01-15,1
01-01-02-01-01-02-15,1
01-01-02-01-02-01-15,1
01-01-02-01-02-02-15,1
01-01-02-02-01-01-15,1
01-01-02-02-01-02-15,1
01-01-02-02-02-01-15,1
01-01-02-02-02-02-15,1
01-01-03-01-01-01-15,2
01-01-03-01-01-02-15,2
01-01-03-01-02-01-15,2
01-01-03-01-02-02-15,2
01-01-03-02-01-01-15,2
01-01-03-02-01-02-15,2
01-01-03-02-02-01-15,2
01-01-03-02-02-02-15,2
01-01-04-01-01-01-15,3
01-01-04-01-01-02-15,3
01-01-04-01-02-01-15,3
01-01-04-01-02-02-15,3
01-01-04-02-01-01-15,3
01-01-04-02-01-02-15,3
01-01-04-02-02-01-15,3
01-01-04-02-02-02-15,3
01-01-05-01-01-01-15,4
01-01-05-01-01-02-15,4
01-01-05-01-02-01-15,4
01-01-05-01-02-02-15,4
01-01-05-02-01-01-15,4
01-01-05-02-01-02-15,4
01-01-05-02-02-01-15,4
01-01-05-02-02-02-15,4
01-01-06-01-01-01-15,5
01-01-06-01-01-02-15,5
01-01-06-01-02-01-15,5
01-01-06-01-02-02-15,5
01-01-06-02-01-01-15,5
01-01-06-02-01-02-15,5
01-01-06-02-02-01-15,5
01-01-06-02-02-02-15,5
01-01-07-01-01-01-15,6
01-01-07-01-01-02-15,6
01-01-07-01-02-01-15,6
01-01-07-01-02-02-15,6
01-01-07-02-01-01-15,6
01-01-07-02-01-02-15,6
01-01-07-02-02-01-15,6
01-01-07-02-02-02-15,6
01-01-08-01-01-01-15,7
01-01-08-01-01-02-15,7
01-01-08-01-02-01-15,7
01-01-08-01-02-02-15,7
01-01-08-02-01-01-15,7
01-01-08-02-01-02-15,7
01-01-08-02-02-01-15,7
01-01-08-02-02-02-15,7
02-01-01-01-01-01-15,0
02-01-01-01-01-02-15,0
02-01-01-01-02-01-15,0
02-01-01-01-02-02-15,0
02-01-02-01-01-01-15,1
02-01-02-01-01-02-15,1
02-01-02-01-02-01-15,1
02-01-02-01-02-02-15,1
02-01-02-02-01-01-15,1
02-01-02-02-01-02-15,1
02-01-02-02-02-01-15,1
02-01-02-02-02-02-15,1
02-01-03-01-01-01-15,2
02-01-03-01-01-02-15,2
02-01-03-01-02-01-15,2
02-01-03-01-02-02-15,2
02-01-03-02-01-01-15,2
02-01-03-02-01-02-15,2
02-01-03-02-02-01-15,2
02-01-03-02-02-02-15,2
02-01-04-01-01-01-15,3
02-01-04-01-01-02-15,3
02-01-04-01-02-01-15,3
02-01-04-01-02-02-15,3
02-01-04-02-01-01-15,3
02-01-04-02-01-02-15,3
02-01-04-02-02-01-15,3
02-01-04-02-02-02-15,3
02-01-05-01-01-01-15,4
02-01-05-01-01-02-15,4
02-01-05-01-02-01-15,4
02-01-05-01-02-02-15,4
02-01-05-02-01-01-15,4
02-01-05-02-01-02-15,4
02-01-05-02-02-01-15,4
02-01-05-02-02-02-15,4
02-01-06-01-01-01-15,5
02-01-06-01-01-02-15,5
02-01-06-01-02-01-15,5
02-01-06-01-02-02-15,5
02-01-06-02-01-01-15,5
02-01-06-02-01-02-15,5
02-01-06-02-02-01-15,5
02-01-06-02-02-02-15,5
02-01-07-01-01-01-15,6
02-01-07-01-01-02-15,6
02-01-07-01-02-01-15,6
02-01-07-01-02-02-15,6
02-01-07-02-01-01-15,6
02-01-07-02-01-02-15,6
02-01-07-02-02-01-15,6
02-01-07-02-02-02-15,6
02-01-08-01-01-01-15,7
02-01-08-01-01-02-15,7
02-01-08-01-02-01-15,7
02-01-08-01-02-02-15,7
02-01-08-02-01-01-15,7
02-01-08-02-01-02-15,7
02-01-08-02-02-01-15,7
02-01-08-02-02-02-15,7
01-01-01-01-01-01-16,0
01-01-01-01-01-02-16,0
01-01-01-01-02-01-16,0
01-01-01-01-02-02-16,0
01-01-02-01-01-01-16,1
01-01-02-01-01-02-16,1
01-01-02-01-02-01-16,1
01-01-02-01-02-02-16,1
01-01-02-02-01-01-16,1
01-01-02-02-01-02-16,1
01-01-02-02-02-01-16,1
01-01-02-02-02-02-16,1
01-01-03-01-01-01-16,2
01-01-03-01-01-02-16,2
01-01-03-01-02-01-16,2
01-01-03-01-02-02-16,2
01-01-03-02-01-01-16,2
01-01-03-02-01-02-16,2
01-01-03-02-02-01-16,2
01-01-03-02-02-02-16,2
01-01-04-01-01-01-16,3
01-01-04-01-01-02-16,3
01-01-04-01-02-01-16,3
01-01-04-01-02-02-16,3
01-01-04-02-01-01-16,3
01-01-04-02-01-02-16,3
01-01-04-02-02-01-16,3
01-01-04-02-02-02-16,3
01-01-05-01-01-01-16,4
01-01-05-01-01-02-16,4
01-01-05-01-02-01-16,4
01-01-05-01-02-02-16,4
01-01-05-02-01-01-16,4
01-01-05-02-01-02-16,4
01-01-05-02-02-01-16,4
01-01-05-02-02-02-16,4
01-01-06-01-01-01-16,5
01-01-06-01-01-02-16,5
01-01-06-01-02-01-16,5
01-01-06-01-02-02-16,5
01-01-06-02-01-01-16,5
01-01-06-02-01-02-16,5
01-01-06-02-02-01-16,5
01-01-06-02-02-02-16,5
01-01-07-01-01-01-16,6
01-01-07-01-01-02-16,6
01-01-07-01-02-01-16,6
01-01-07-01-02-02-16,6
01-01-07-02-01-01-16,6
01-01-07-02-01-02-16,6
01-01-07-02-02-01-16,6
01-01-07-02-02-02-16,6
01-01-08-01-01-01-16,7
01-01-08-01-01-02-16,7
01-01-08-01-02-01-16,7
01-01-08-01-02-02-16,7
01-01-08-02-01-01-16,7
01-01-08-02-01-02-16,7
01-01-08-02-02-01-16,7
01-01-08-02-02-02-16,7
02-01-01-01-01-01-16,0
02-01-01-01-01-02-16,0
02-01-01-01-02-01-16,0
02-01-01-01-02-02-16,0
02-01-02-01-01-01-16,1
02-01-02-01-01-02-16,1
02-01-02-01-02-01-16,1
02-01-02-01-02-02-16,1
02-01-02-02-01-01-16,1
02-01-02-02-01-02-16,1
02-01-02-02-02-01-16,1
02-01-02-02-02-02-16,1
02-01-03-01-01-01-16,2
02-01-03-01-01-02-16,2
02-01-03-01-02-01-16,2
02-01-03-01-02-02-16,2
02-01-03-02-01-01-16,2
02-01-03-02-01-02-16,2
02-01-03-02-02-01-16,2
02-01-03-02-02-02-16,2
02-01-04-01-01-01-16,3
02-01-04-01-01-02-16,3
02-01-04-01-02-01-16,3
02-01-04-01-02-02-16,3
02-01-04-02-01-01-16,3
02-01-04-02-01-02-16,3
02-01-04-02-02-01-16,3
02-01-04-02-02-02-16,3
02-01-05-01-01-01-16,4
02-01-05-01-01-02-16,4
02-01-05-01-02-01-16,4
02-01-05-01-02-02-16,4
02-01-05-02-01-01-16,4
02-01-05-02-01-02-16,4
02-01-05-02-02-01-16,4
02-01-05-02-02-02-16,4
02-01-06-01-01-01-16,5
02-01-06-01-01-02-16,5
02-01-06-01-02-01-16,5
02-01-06-01-02-02-16,5
02-01-06-02-01-01-16,5
02-01-06-02-01-02-16,5
02-01-06-02-02-01-16,5
02-01-06-02-02-02-16,5
02-01-07-01-01-01-16,6
02-01-07-01-01-02-16,6
02-01-07-01-02-01-16,6
02-01-07-01-02-02-16,6
02-01-07-02-01-01-16,6
02-01-07-02-01-02-16,6
02-01-07-02-02-01-16,6
02-01-07-02-02-02-16,6
02-01-08-01-01-01-16,7
02-01-08-01-01-02-16,7
02-01-08-01-02-01-16,7
02-01-08-01-02-02-16,7
02-01-08-02-01-01-16,7
02-01-08-02-01-02-16,7
02-01-08-02-02-01-16,7
02-01-08-02-02-02-16,7
01-01-01-01-01-01-17,0
01-01-01-01-01-02-17,0
01-01-01-01-02-01-17,0
01-01-01-01-02-02-17,0
01-01-02-01-01-01-17,1
01-01-02-01-01-02-17,1
01-01-02-01-02-01-17,1
01-01-02-01-02-02-17,1
01-01-02-02-01-01-17,1
01-01-02-02-01-02-17,1
01-01-02-02-02-01-17,1
01-01-02-02-02-02-17,1
01-01-03-01-01-01-17,2
01-01-03-01-01-02-17,2
01-01-03-01-02-01-17,2
01-01-03-01-02-02-17,2
01-01-03-02-01-01-17,2
01-01-03-02-01-02-17,2
01-01-03-02-02-01-17,2
01-01-03-02-02-02-17,2
01-01-04-01-01-01-17,3
01-01-04-01-01-02-17,3
01-01-04-01-02-01-17,3
01-01-04-01-02-02-17,3
01-01-04-02-01-01-17,3
01-01-04-02-01-02-17,3
01-01-04-02-02-01-17,3
01-01-04-02-02-02-17,3
01-01-05-01-01-01-17,4
01-01-05-01-01-02-17,4
01-01-05-01-02-01-17,4
01-01-05-01-02-02-17,4
01-01-05-02-01-01-17,4
01-01-05-02-01-02-17,4
01-01-05-02-02-01-17,4
01-01-05-02-02-02-17,4
01-01-06-01-01-01-17,5
01-01-06-01-01-02-17,5
01-01-06-01-02-01-17,5
01-01-06-01-02-02-17,5
01-01-06-02-01-01-17,5
01-01-06-02-01-02-17,5
01-01-06-02-02-01-17,5
01-01-06-02-02-02-17,5
01-01-07-01-01-01-17,6
01-01-07-01-01-02-17,6
01-01-07-01-02-01-17,6
01-01-07-01-02-02-17,6
01-01-07-02-01-01-17,6
01-01-07-02-01-02-17,6
01-01-07-02-02-01-17,6
01-01-07-02-02-02-17,6
01-01-08-01-01-01-17,7
01-01-08-01-01-02-17,7
01-01-08-01-02-01-17,7
01-01-08-01-02-02-17,7
01-01-08-02-01-01-17,7
01-01-08-02-01-02-17,7
01-01-08-02-02-01-17,7
01-01-08-02-02-02-17,7
02-01-01-01-01-01-17,0
02-01-01-01-01-02-17,0
02-01-01-01-02-01-17,0
02-01-01-01-02-02-17,0
02-01-02-01-01-01-17,1
02-01-02-01-01-02-17,1
02-01-02-01-02-01-17,1
02-01-02-01-02-02-17,1
02-01-02-02-01-01-17,1
02-01-02-02-01-02-17,1
02-01-02-02-02-01-17,1
02-01-02-02-02-02-17,1
02-01-03-01-01-01-17,2
02-01-03-01-01-02-17,2
02-01-03-01-02-01-17,2
02-01-03-01-02-02-17,2
02-01-03-02-01-01-17,2
02-01-03-02-01-02-17,2
02-01-03-02-02-01-17,2
02-01-03-02-02-02-17,2
02-01-04-01-01-01-17,3
02-01-04-01-01-02-17,3
02-01-04-01-02-01-17,3
02-01-04-01-02-02-17,3
02-01-04-02-01-01-17,3
02-01-04-02-01-02-17,3
02-01-04-02-02-01-17,3
02-01-04-02-02-02-17,3
02-01-05-01-01-01-17,4
02-01-05-01-01-02-17,4
02-01-05-01-02-01-17,4
02-01-05-01-02-02-17,4
02-01-05-02-01-01-17,4
02-01-05-02-01-02-17,4
02-01-05-02-02-01-17,4
02-01-05-02-02-02-17,4
02-01-06-01-01-01-17,5
02-01-06-01-01-02-17,5
02-01-06-01-02-01-17,5
02-01-06-01-02-02-17,5
02-01-06-02-01-01-17,5
02-01-06-02-01-02-17,5
02-01-06-02-02-01-17,5
02-01-06-02-02-02-17,5
02-01-07-01-01-01-17,6
02-01-07-01-01-02-17,6
02-01-07-01-02-01-17,6
02-01-07-01-02-02-17,6
02-01-07-02-01-01-17,6
02-01-07-02-01-02-17,6
02-01-07-02-02-01-17,6
02-01-07-02-02-02-17,6
02-01-08-01-01-01-17,7
02-01-08-01-01-02-17,7
02-01-08-01-02-01-17,7
02-01-08-01-02-02-17,7
02-01-08-02-01-01-17,7
02-01-08-02-01-02-17,7
02-01-08-02-02-01-17,7
02-01-08-02-02-02-17,7
01-01-01-01-01-01-18,0
01-01-01-01-01-02-18,0
01-01-01-01-02-01-18,0
01-01-01-01-02-02-18,0
01-01-02-01-01-01-18,1
01-01-02-01-01-02-18,1
01-01-02-01-02-01-18,1
01-01-02-01-02-02-18,1
01-01-02-02-01-01-18,1
01-01-02-02-01-02-18,1
01-01-02-02-02-01-18,1
01-01-02-02-02-02-18,1
01-01-03-01-01-01-18,2
01-01-03-01-01-02-18,2
01-01-03-01-02-01-18,2
01-01-03-01-02-02-18,2
01-01-03-02-01-01-18,2
01-01-03-02-01-02-18,2
01-01-03-02-02-01-18,2
01-01-03-02-02-02-18,2
01-01-04-01-01-01-18,3
01-01-04-01-01-02-18,3
01-01-04-01-02-01-18,3
01-01-04-01-02-02-18,3
01-01-04-02-01-01-18,3
01-01-04-02-01-02-18,3
01-01-04-02-02-01-18,3
01-01-04-02-02-02-18,3
01-01-05-01-01-01-18,4
01-01-05-01-01-02-18,4
01-01-05-01-02-01-18,4
01-01-05-01-02-02-18,4
01-01-05-02-01-01-18,4
01-01-05-02-01-02-18,4
01-01-05-02-02-01-18,4
01-01-05-02-02-02-18,4
01-01-06-01-01-01-18,5
01-01-06-01-01-02-18,5
01-01-06-01-02-01-18,5
01-01-06-01-02-02-18,5
01-01-06-02-01-01-18,5
01-01-06-02-01-02-18,5
01-01-06-02-02-01-18,5
01-01-06-02-02-02-18,5
01-01-07-01-01-01-18,6
01-01-07-01-01-02-18,6
01-01-07-01-02-01-18,6
01-01-07-01-02-02-18,6
01-01-07-02-01-01-18,6
01-01-07-02-01-02-18,6
01-01-07-02-02-01-18,6
01-01-07-02-02-02-18,6
01-01-08-01-01-01-18,7
01-01-08-01-01-02-18,7
01-01-08-01-02-01-18,7
01-01-08-01-02-02-18,7
01-01-08-02-01-01-18,7
01-01-08-02-01-02-18,7
01-01-08-02-02-01-18,7
01-01-08-02-02-02-18,7
02-01-01-01-01-01-18,0
02-01-01-01-01-02-18,0
02-01-01-01-02-01-18,0
02-01-01-01-02-02-18,0
02-01-02-01-01-01-18,1
02-01-02-01-01-02-18,1
02-01-02-01-02-01-18,1
02-01-02-01-02-02-18,1
02-01-02-02-01-01-18,1
02-01-02-02-01-02-18,1
02-01-02-02-02-01-18,1
02-01-02-02-02-02-18,1
02-01-03-01-01-01-18,2
02-01-03-01-01-02-18,2
02-01-03-01-02-01-18,2
02-01-03-01-02-02-18,2
02-01-03-02-01-01-18,2
02-01-03-02-01-02-18,2
02-01-03-02-02-01-18,2
02-01-03-02-02-02-18,2
02-01-04-01-01-01-18,3
02-01-04-01-01-02-18,3
02-01-04-01-02-01-18,3
02-01-04-01-02-02-18,3
02-01-04-02-01-01-18,3
02-01-04-02-01-02-18,3
02-01-04-02-02-01-18,3
02-01-04-02-02-02-18,3
02-01-05-01-01-01-18,4
02-01-05-01-01-02-18,4
02-01-05-01-02-01-18,4
02-01-05-01-02-02-18,4
02-01-05-02-01-01-18,4
02-01-05-02-01-02-18,4
02-01-05-02-02-01-18,4
02-01-05-02-02-02-18,4
02-01-06-01-01-01-18,5
02-01-06-01-01-02-18,5
02-01-06-01-02-01-18,5
02-01-06-01-02-02-18,5
02-01-06-02-01-01-18,5
02-01-06-02-01-02-18,5
02-01-06-02-02-01-18,5
02-01-06-02-02-02-18,5
02-01-07-01-01-01-18,6
02-01-07-01-01-02-18,6
02-01-07-01-02-01-18,6
02-01-07-01-02-02-18,6
02-01-07-02-01-01-18,6
02-01-07-02-01-02-18,6
02-01-07-02-02-01-18,6
02-01-07-02-02-02-18,6
02-01-08-01-01-01-18,7
02-01-08-01-01-02-18,7
02-01-08-01-02-01-18,7
02-01-08-01-02-02-18,7
02-01-08-02-01-01-18,7
02-01-08-02-01-02-18,7
02-01-08-02-02-01-18,7
02-01-08-02-02-02-18,7
01-01-01-01-01-01-19,0
01-01-01-01-01-02-19,0
01-01-01-01-02-01-19,0
01-01-01-01-02-02-19,0
01-01-02-01-01-01-19,1
01-01-02-01-01-02-19,1
01-01-02-01-02-01-19,1
01-01-02-01-02-02-19,1
01-01-02-02-01-01-19,1
01-01-02-02-01-02-19,1
01-01-02-02-02-01-19,1
01-01-02-02-02-02-19,1
01-01-03-01-01-01-19,2
01-01-03-01-01-02-19,2
01-01-03-01-02-01-19,2
01-01-03-01-02-02-19,2
01-01-03-02-01-01-19,2
01-01-03-02-01-02-19,2
01-01-03-02-02-01-19,2
01-01-03-02-02-02-19,2
01-01-04-01-01-01-19,3
01-01-04-01-01-02-19,3
01-01-04-01-02-01-19,3
01-01-04-01-02-02-19,3
01-01-04-02-01-01-19,3
01-01-04-02-01-02-19,3
01-01-04-02-02-01-19,3
01-01-04-02-02-02-19,3
01-01-05-01-01-01-19,4
01-01-05-01-01-02-19,4
01-01-05-01-02-01-19,4
01-01-05-01-02-02-19,4
01-01-05-02-01-01-19,4
01-01-05-02-01-02-19,4
01-01-05-02-02-01-19,4
01-01-05-02-02-02-19,4
01-01-06-01-01-01-19,5
01-01-06-01-01-02-19,5
01-01-06-01-02-01-19,5
01-01-06-01-02-02-19,5
01-01-06-02-01-01-19,5
01-01-06-02-01-02-19,5
01-01-06-02-02-01-19,5
01-01-06-02-02-02-19,5
01-01-07-01-01-01-19,6
01-01-07-01-01-02-19,6
01-01-07-01-02-01-19,6
01-01-07-01-02-02-19,6
01-01-07-02-01-01-19,6
01-01-07-02-01-02-19,6
01-01-07-02-02-01-19,6
01-01-07-02-02-02-19,6
01-01-08-01-01-01-19,7
01-01-08-01-01-02-19,7
01-01-08-01-02-01-19,7
01-01-08-01-02-02-19,7
01-01-08-02-01-01-19,7
01-01-08-02-01-02-19,7
01-01-08-02-02-01-19,7
01-01-08-02-02-02-19,7
02-01-01-01-01-01-19,0
02-01-01-01-01-02-19,0
02-01-01-01-02-01-19,0
02-01-01-01-02-02-19,0
02-01-02-01-01-01-19,1
02-01-02-01-01-02-19,1
02-01-02-01-02-01-19,1
02-01-02-01-02-02-19,1
02-01-02-02-01-01-19,1
02-01-02-02-01-02-19,1
02-01-02-02-02-01-19,1
02-01-02-02-02-02-19,1
02-01-03-01-01-01-19,2
02-01-03-01-01-02-19,2
02-01-03-01-02-01-19,2
02-01-03-01-02-02-19,2
02-01-03-02-01-01-19,2
02-01-03-02-01-02-19,2
02-01-03-02-02-01-19,2
02-01-03-02-02-02-19,2
02-01-04-01-01-01-19,3
02-01-04-01-01-02-19,3
02-01-04-01-02-01-19,3
02-01-04-01-02-02-19,3
02-01-04-02-01-01-19,3
02-01-04-02-01-02-19,3
02-01-04-02-02-01-19,3
02-01-04-02-02-02-19,3
02-01-05-01-01-01-19,4
02-01-05-01-01-02-19,4
02-01-05-01-02-01-19,4
02-01-05-01-02-02-19,4
02-01-05-02-01-01-19,4
02-01-05-02-01-02-19,4
02-01-05-02-02-01-19,4
02-01-05-02-02-02-19,4
02-01-06-01-01-01-19,5
02-01-06-01-01-02-19,5
02-01-06-01-02-01-19,5
02-01-06-01-02-02-19,5
02-01-06-02-01-01-19,5
02-01-06-02-01-02-19,5
02-01-06-02-02-01-19,5
02-01-06-02-02-02-19,5
02-01-07-01-01-01-19,6
02-01-07-01-01-02-19,6
02-01-07-01-02-01-19,6
02-01-07-01-02-02-19,6
02-01-07-02-01-01-19,6
02-01-07-02-01-02-19,6
02-01-07-02-02-01-19,6
02-01-07-02-02-02-19,6
02-01-08-01-01-01-19,7
02-01-08-01-01-02-19,7
02-01-08-01-02-01-19,7
02-01-08-01-02-02-19,7
02-01-08-02-01-01-19,7
02-01-08-02-01-02-19,7
02-01-08-02-02-01-19,7
02-01-08-02-02-02-19,7
01-01-01-01-01-01-20,0
01-01-01-01-01-02-20,0
01-01-01-01-02-01-20,0
01-01-01-01-02-02-20,0
01-01-02-01-01-01-20,1
01-01-02-01-01-02-20,1
01-01-02-01-02-01-20,1
01-01-02-01-02-02-20,1
01-01-02-02-01-01-20,1
01-01-02-02-01-02-20,1
01-01-02-02-02-01-20,1
01-01-02-02-02-02-20,1
01-01-03-01-01-01-20,2
01-01-03-01-01-02-20,2
01-01-03-01-02-01-20,2
01-01-03-01-02-02-20,2
01-01-03-02-01-01-20,2
01-01-03-02-01-02-20,2
01-01-03-02-02-01-20,2
01-01-03-02-02-02-20,2
01-01-04-01-01-01-20,3
01-01-04-01-01-02-20,3
01-01-04-01-02-01-20,3
01-01-04-01-02-02-20,3
01-01-04-02-01-01-20,3
01-01-04-02-01-02-20,3
01-01-04-02-02-01-20,3
01-01-04-02-02-02-20,3
01-01-05-01-01-01-20,4
01-01-05-01-01-02-20,4
01-01-05-01-02-01-20,4
01-01-05-01-02-02-20,4
01-01-05-02-01-01-20,4
01-01-05-02-01-02-20,4
01-01-05-02-02-01-20,4
01-01-05-02-02-02-20,4
01-01-06-01-01-01-20,5
01-01-06-01-01-02-20,5
01-01-06-01-02-01-20,5
01-01-06-01-02-02-20,5
01-01-06-02-01-01-20,5
01-01-06-02-01-02-20,5
01-01-06-02-02-01-20,5
01-01-06-02-02-02-20,5
01-01-07-01-01-01-20,6
01-01-07-01-01-02-20,6
01-01-07-01-02-01-20,6
01-01-07-01-02-02-20,6
01-01-07-02-01-01-20,6
01-01-07-02-01-02-20,6
01-01-07-02-02-01-20,6
01-01-07-02-02-02-20,6
01-01-08-01-01-01-20,7
01-01-08-01-01-02-20,7
01-01-08-01-02-01-20,7
01-01-08-01-02-02-20,7
01-01-08-02-01-01-20,7
01-01-08-02-01-02-20,7
01-01-08-02-02-01-20,7
01-01-08-02-02-02-20,7
02-01-01-01-01-01-20,0
02-01-01-01-01-02-20,0
02-01-01-01-02-01-20,0
02-01-01-01-02-02-20,0
02-01-02-01-01-01-20,1
02-01-02-01-01-02-20,1
02-01-02-01-02-01-20,1
02-01-02-01-02-02-20,1
02-01-02-02-01-01-20,1
02-01-02-02-01-02-20,1
02-01-02-02-02-01-20,1
02-01-02-02-02-02-20,1
02-01-03-01-01-01-20,2
02-01-03-01-01-02-20,2
02-01-03-01-02-01-20,2
02-01-03-01-02-02-20,2
02-01-03-02-01-01-20,2
02-01-03-02-01-02-20,2
02-01-03-02-02-01-20,2
02-01-03-02-02-02-20,2
02-01-04-01-01-01-20,3
02-01-04-01-01-02-20,3
02-01-04-01-02-01-20,3
02-01-04-01-02-02-20,3
02-01-04-02-01-01-20,3
02-01-04-02-01-02-20,3
02-01-04-02-02-01-20,3
02-01-04-02-02-02-20,3
02-01-05-01-01-01-20,4
02-01-05-01-01-02-20,4
02-01-05-01-02-01-20,4
02-01-05-01-02-02-20,4
02-01-05-02-01-01-20,4
02-01-05-02-01-02-20,4
02-01-05-02-02-01-20,4
02-01-05-02-02-02-20,4
02-01-06-01-01-01-20,5
02-01-06-01-01-02-20,5
02-01-06-01-02-01-20,5
02-01-06-01-02-02-20,5
02-01-06-02-01-01-20,5
02-01-06-02-01-02-20,5
02-01-06-02-02-01-20,5
02-01-06-02-02-02-20,5
02-01-07-01-01-01-20,6
02-01-07-01-01-02-20,6
02-01-07-01-02-01-20,6
02-01-07-01-02-02-20,6
02-01-07-02-01-01-20,6
02-01-07-02-01-02-20,6
02-01-07-02-02-01-20,6
02-01-07-02-02-02-20,6
02-01-08-01-01-01-20,7
02-01-08-01-01-02-20,7
02-01-08-01-02-01-20,7
02-01-08-01-02-02-20,7
02-01-08-02-01-01-20,7
02-01-08-02-01-02-20,7
02-01-08-02-02-01-20,7
02-01-08-02-02-02-20,7
01-01-01-01-01-01-21,0
01-01-01-01-01-02-21,0
01-01-01-01-02-01-21,0
01-01-01-01-02-02-21,0
01-01-02-01-01-01-21,1
01-01-02-01-01-02-21,1
01-01-02-01-02-01-21,1
01-01-02-01-02-02-21,1
01-01-02-02-01-01-21,1
01-01-02-02-01-02-21,1
01-01-02-02-02-01-21,1
01-01-02-02-02-02-21,1
01-01-03-01-01-01-21,2
01-01-03-01-01-02-21,2
01-01-03-01-02-01-21,2
01-01-03-01-02-02-21,2
01-01-03-02-01-01-21,2
01-01-03-02-01-02-21,2
01-01-03-02-02-01-21,2
01-01-03-02-02-02-21,2
01-01-04-01-01-01-21,3
01-01-04-01-01-02-21,3
01-01-04-01-02-01-21,3
01-01-04-01-02-02-21,3
01-01-04-02-01-01-21,3
01-01-04-02-01-02-21,3
01-01-04-02-02-01-21,3
01-01-04-02-02-02-21,3
01-01-05-01-01-01-21,4
01-01-05-01-01-02-21,4
01-01-05-01-02-01-21,4
01-01-05-01-02-02-21,4
01-01-05-02-01-01-21,4
01-01-05-02-01-02-21,4
01-01-05-02-02-01-21,4
01-01-05-02-02-02-21,4
01-01-06-01-01-01-21,5
01-01-06-01-01-02-21,5
01-01-06-01-02-01-21,5
01-01-06-01-02-02-21,5
01-01-06-02-01-01-21,5
01-01-06-02-01-02-21,5
01-01-06-02-02-01-21,5
01-01-06-02-02-02-21,5
01-01-07-01-01-01-21,6
01-01-07-01-01-02-21,6
01-01-07-01-02-01-21,6
01-01-07-01-02-02-21,6
01-01-07-02-01-01-21,6
01-01-07-02-01-02-21,6
01-01-07-02-02-01-21,6
01-01-07-02-02-02-21,6
01-01-08-01-01-01-21,7
01-01-08-01-01-02-21,7
01-01-08-01-02-01-21,7
01-01-08-01-02-02-21,7
01-01-08-02-01-01-21,7
01-01-08-02-01-02-21,7
01-01-08-02-02-01-21,7
01-01-08-02-02-02-21,7
02-01-01-01-01-01-21,0
02-01-01-01-01-02-21,0
02-01-01-01-02-01-21,0
02-01-01-01-02-02-21,0
02-01-02-01-01-01-21,1
02-01-02-01-01-02-21,1
02-01-02-01-02-01-21,1
02-01-02-01-02-02-21,1
02-01-02-02-01-01-21,1
02-01-02-02-01-02-21,1
02-01-02-02-02-01-21,1
02-01-02-02-02-02-21,1
02-01-03-01-01-01-21,2
02-01-03-01-01-02-21,2
02-01-03-01-02-01-21,2
02-01-03-01-02-02-21,2
02-01-03-02-01-01-21,2
02-01-03-02-01-02-21,2
02-01-03-02-02-01-21,2
02-01-03-02-02-02-21,2
02-01-04-01-01-01-21,3
02-01-04-01-01-02-21,3
02-01-04-01-02-01-21,3
02-01-04-01-02-02-21,3
02-01-04-02-01-01-21,3
02-01-04-02-01-02-21,3
02-01-04-02-02-01-21,3
02-01-04-02-02-02-21,3
02-01-05-01-01-01-21,4
02-01-05-01-01-02-21,4
02-01-05-01-02-01-21,4
02-01-05-01-02-02-21,4
02-01-05-02-01-01-21,4
02-01-05-02-01-02-21,4
02-01-05-02-02-01-21,4
02-01-05-02-02-02-21,4
02-01-06-01-01-01-21,5
02-01-06-01-01-02-21,5
02-01-06-01-02-01-21,5
02-01-06-01-02-02-21,5
02-01-06-02-01-01-21,5
02-01-06-02-01-02-21,5
02-01-06-02-02-01-21,5
02-01-06-02-02-02-21,5
02-01-07-01-01-01-21,6
02-01-07-01-01-02-21,6
02-01-07-01-02-01-21,6
02-01-07-01-02-02-21,6
02-01-07-02-01-01-21,6
02-01-07-02-01-02-21,6
02-01-07-02-02-01-21,6
02-01-07-02-02-02-21,6
02-01-08-01-01-01-21,7
02-01-08-01-01-02-21,7
02-01-08-01-02-01-21,7
02-01-08-01-02-02-21,7
02-01-08-02-01-01-21,7
02-01-08-02-01-02-21,7
02-01-08-02-02-01-21,7
02-01-08-02-02-02-21,7
01-01-01-01-01-01-22,0
01-01-01-01-01-02-22,0
01-01-01-01-02-01-22,0
01-01-01-01-02-02-22,0
01-01-02-01-01-01-22,1
01-01-02-01-01-02-22,1
01-01-02-01-02-01-22,1
01-01-02-01-02-02-22,1
01-01-02-02-01-01-22,1
01-01-02-02-01-02-22,1
01-01-02-02-02-01-22,1
01-01-02-02-02-02-22,1
01-01-03-01-01-01-22,2
01-01-03-01-01-02-22,2
01-01-03-01-02-01-22,2
01-01-03-01-02-02-22,2
01-01-03-02-01-01-22,2
01-01-03-02-01-02-22,2
01-01-03-02-02-01-22,2
01-01-03-02-02-02-22,2
01-01-04-01-01-01-22,3
01-01-04-01-01-02-22,3
01-01-04-01-02-01-22,3
01-01-04-01-02-02-22,3
01-01-04-02-01-01-22,3
01-01-04-02-01-02-22,3
01-01-04-02-02-01-22,3
01-01-04-02-02-02-22,3
01-01-05-01-01-01-22,4
01-01-05-01-01-02-22,4
01-01-05-01-02-01-22,4
01-01-05-01-02-02-22,4
01-01-05-02-01-01-22,4
01-01-05-02-01-02-22,4
01-01-05-02-02-01-22,4
01-01-05-02-02-02-22,4
01-01-06-01-01-01-22,5
01-01-06-01-01-02-22,5
01-01-06-01-02-01-22,5
01-01-06-01-02-02-22,5
01-01-06-02-01-01-22,5
01-01-06-02-01-02-22,5
01-01-06-02-02-01-22,5
01-01-06-02-02-02-22,5
01-01-07-01-01-01-22,6
01-01-07-01-01-02-22,6
01-01-07-01-02-01-22,6
01-01-07-01-02-02-22,6
01-01-07-02-01-01-22,6
01-01-07-02-01-02-22,6
01-01-07-02-02-01-22,6
01-01-07-02-02-02-22,6
01-01-08-01-01-01-22,7
01-01-08-01-01-02-22,7
01-01-08-01-02-01-22,7
01-01-08-01-02-02-22,7
01-01-08-02-01-01-22,7
01-01-08-02-01-02-22,7
01-01-08-02-02-01-22,7
01-01-08-02-02-02-22,7
02-01-01-01-01-01-22,0
02-01-01-01-01-02-22,0
02-01-01-01-02-01-22,0
02-01-01-01-02-02-22,0
02-01-02-01-01-01-22,1
02-01-02-01-01-02-22,1
02-01-02-01-02-01-22,1
02-01-02-01-02-02-22,1
02-01-02-02-01-01-22,1
02-01-02-02-01-02-22,1
02-01-02-02-02-01-22,1
02-01-02-02-02-02-22,1
02-01-03-01-01-01-22,2
02-01-03-01-01-02-22,2
02-01-03-01-02-01-22,2
02-01-03-01-02-02-22,2
02-01-03-02-01-01-22,2
02-01-03-02-01-02-22,2
02-01-03-02-02-01-22,2
02-01-03-02-02-02-22,2
02-01-04-01-01-01-22,3
02-01-04-01-01-02-22,3
02-01-04-01-02-01-22,3
02-01-04-01-02-02-22,3
02-01-04-02-01-01-22,3
02-01-04-02-01-02-22,3
02-01-04-02-02-01-22,3
02-01-04-02-02-02-22,3
02-01-05-01-01-01-22,4
02-01-05-01-01-02-22,4
02-01-05-01-02-01-22,4
02-01-05-01-02-02-22,4
02-01-05-02-01-01-22,4
02-01-05-02-01-02-22,4
02-01-05-02-02-01-22,4
02-01-05-02-02-02-22,4
02-01-06-01-01-01-22,5
02-01-06-01-01-02-22,5
02-01-06-01-02-01-22,5
02-01-06-01-02-02-22,5
02-01-06-02-01-01-22,5
02-01-06-02-01-02-22,5
02-01-06-02-02-01-22,5
02-01-06-02-02-02-22,5
02-01-07-01-01-01-22,6
02-01-07-01-01-02-22,6
02-01-07-01-02-01-22,6
02-01-07-01-02-02-22,6
02-01-07-02-01-01-22,6
02-01-07-02-01-02-22,6
02-01-07-02-02-01-22,6
02-01-07-02-02-02-22,6
02-01-08-01-01-01-22,7
02-01-08-01-01-02-22,7
02-01-08-01-02-01-22,7
02-01-08-01-02-02-22,7
02-01-08-02-01-01-22,7
02-01-08-02-01-02-22,7
02-01-08-02-02-01-22,7
02-01-08-02-02-02-22,7
01-01-01-01-01-01-23,0
01-01-01-01-01-02-23,0
01-01-01-01-02-01-23,0
01-01-01-01-02-02-23,0
01-01-02-01-01-01-23,1
01-01-02-01-01-02-23,1
01-01-02-01-02-01-23,1
01-01-02-01-02-02-23,1
01-01-02-02-01-01-23,1
01-01-02-02-01-02-23,1
01-01-02-02-02-01-23,1
01-01-02-02-02-02-23,1
01-01-03-01-01-01-23,2
01-01-03-01-01-02-23,2
01-01-03-01-02-01-23,2
01-01-03-01-02-02-23,2
01-01-03-02-01-01-23,2
01-01-03-02-01-02-23,2
01-01-03-02-02-01-23,2
01-01-03-02-02-02-23,2
01-01-04-01-01-01-23,3
01-01-04-01-01-02-23,3
01-01-04-01-02-01-23,3
01-01-04-01-02-02-23,3
01-01-04-02-01-01-23,3
01-01-04-02-01-02-23,3
01-01-04-02-02-01-23,3
01-01-04-02-02-02-23,3
01-01-05-01-01-01-23,4
01-01-05-01-01-02-23,4
01-01-05-01-02-01-23,4
01-01-05-01-02-02-23,4
01-01-05-02-01-01-23,4
01-01-05-02-01-02-23,4
01-01-05-02-02-01-23,4
01-01-05-02-02-02-23,4
01-01-06-01-01-01-23,5
01-01-06-01-01-02-23,5
01-01-06-01-02-01-23,5
01-01-06-01-02-02-23,5
01-01-06-02-01-01-23,5
01-01-06-02-01-02-23,5
01-01-06-02-02-01-23,5
01-01-06-02-02-02-23,5
01-01-07-01-01-01-23,6
01-01-07-01-01-02-23,6
01-01-07-01-02-01-23,6
01-01-07-01-02-02-23,6
01-01-07-02-01-01-23,6
01-01-07-02-01-02-23,6
01-01-07-02-02-01-23,6
01-01-07-02-02-02-23,6
01-01-08-01-01-01-23,7
01-01-08-01-01-02-23,7
01-01-08-01-02-01-23,7
01-01-08-01-02-02-23,7
01-01-08-02-01-01-23,7
01-01-08-02-01-02-23,7
01-01-08-02-02-01-23,7
01-01-08-02-02-02-23,7
02-01-01-01-01-01-23,0
02-01-01-01-01-02-23,0
02-01-01-01-02-01-23,0
02-01-01-01-02-02-23,0
02-01-02-01-01-01-23,1
02-01-02-01-01-02-23,1
02-01-02-01-02-01-23,1
02-01-02-01-02-02-23,1
02-01-02-02-01-01-23,1
02-01-02-02-01-02-23,1
02-01-02-02-02-01-23,1
02-01-02-02-02-02-23,1
02-01-03-01-01-01-23,2
02-01-03-01-01-02-23,2
02-01-03-01-02-01-23,2
02-01-03-01-02-02-23,2
02-01-03-02-01-01-23,2
02-01-03-02-01-02-23,2
02-01-03-02-02-01-23,2
02-01-03-02-02-02-23,2
02-01-04-01-01-01-23,3
02-01-04-01-01-02-23,3
02-01-04-01-02-01-23,3
02-01-04-01-02-02-23,3
02-01-04-02-01-01-23,3
02-01-04-02-01-02-23,3
02-01-04-02-02-01-23,3
02-01-04-02-02-02-23,3
02-01-05-01-01-01-23,4
02-01-05-01-01-02-23,4
02-01-05-01-02-01-23,4
02-01-05-01-02-02-23,4
02-01-05-02-01-01-23,4
02-01-05-02-01-02-23,4
02-01-05-02-02-01-23,4
02-01-05-02-02-02-23,4
02-01-06-01-01-01-23,5
02-01-06-01-01-02-23,5
02-01-06-01-02-01-23,5
02-01-06-01-02-02-23,5
02-01-06-02-01-01-23,5
02-01-06-02-01-02-23,5
02-01-06-02-02-01-23,5
02-01-06-02-02-02-23,5
02-01-07-01-01-01-23,6
02-01-07-01-01-02-23,6
02-01-07-01-02-01-23,6
02-01-07-01-02-02-23,6
02-01-07-02-01-01-23,6
02-01-07-02-01-02-23,6
02-01-07-02-02-01-23,6
02-01-07-02-02-02-23,6
02-01-08-01-01-01-23,7
02-01-08-01-01-02-23,7
02-01-08-01-02-01-23,7
02-01-08-01-02-02-23,7
02-01-08-02-01-01-23,7
02-01-08-02-01-02-23,7
02-01-08-02-02-01-23,7
02-01-08-02-02-02-23,7
01-01-01-01-01-01-24,0
01-01-01-01-01-02-24,0
01-01-01-01-02-01-24,0
01-01-01-01-02-02-24,0
01-01-02-01-01-01-24,1
01-01-02-01-01-02-24,1
01-01-02-01-02-01-24,1
01-01-02-01-02-02-24,1
01-01-02-02-01-01-24,1
01-01-02-02-01-02-24,1
01-01-02-02-02-01-24,1
01-01-02-02-02-02-24,1
01-01-03-01-01-01-24,2
01-01-03-01-01-02-24,2
01-01-03-01-02-01-24,2
01-01-03-01-02-02-24,2
01-01-03-02-01-01-24,2
01-01-03-02-01-02-24,2
01-01-03-02-02-01-24,2
01-01-03-02-02-02-24,2
01-01-04-01-01-01-24,3
01-01-04-01-01-02-24,3
01-01-04-01-02-01-24,3
01-01-04-01-02-02-24,3
01-01-04-02-01-01-24,3
01-01-04-02-01-02-24,3
01-01-04-02-02-01-24,3
01-01-04-02-02-02-24,3
01-01-05-01-01-01-24,4
01-01-05-01-01-02-24,4
01-01-05-01-02-01-24,4
01-01-05-01-02-02-24,4
01-01-05-02-01-01-24,4
01-01-05-02-01-02-24,4
01-01-05-02-02-01-24,4
01-01-05-02-02-02-24,4
01-01-06-01-01-01-24,5
01-01-06-01-01-02-24,5
01-01-06-01-02-01-24,5
01-01-06-01-02-02-24,5
01-01-06-02-01-01-24,5
01-01-06-02-01-02-24,5
01-01-06-02-02-01-24,5
01-01-06-02-02-02-24,5
01-01-07-01-01-01-24,6
01-01-07-01-01-02-24,6
01-01-07-01-02-01-24,6
01-01-07-01-02-02-24,6
01-01-07-02-01-01-24,6
01-01-07-02-01-02-24,6
01-01-07-02-02-01-24,6
01-01-07-02-02-02-24,6
01-01-08-01-01-01-24,7
01-01-08-01-01-02-24,7
01-01-08-01-02-01-24,7
01-01-08-01-02-02-24,7
01-01-08-02-01-01-24,7
01-01-08-02-01-02-24,7
01-01-08-02-02-01-24,7
01-01-08-02-02-02-24,7
02-01-01-01-01-01-24,0
02-01-01-01-01-02-24,0
02-01-01-01-02-01-24,0
02-01-01-01-02-02-24,0
02-01-02-01-01-01-24,1
02-01-02-01-01-02-24,1
02-01-02-01-02-01-24,1
02-01-02-01-02-02-24,1
02-01-02-02-01-01-24,1
02-01-02-02-01-02-24,1
02-01-02-02-02-01-24,1
02-01-02-02-02-02-24,1
02-01-03-01-01-01-24,2
02-01-03-01-01-02-24,2
02-01-03-01-02-01-24,2
02-01-03-01-02-02-24,2
02-01-03-02-01-01-24,2
02-01-03-02-01-02-24,2
02-01-03-02-02-01-24,2
02-01-03-02-02-02-24,2
02-01-04-01-01-01-24,3
02-01-04-01-01-02-24,3
02-01-04-01-02-01-24,3
02-01-04-01-02-02-24,3
02-01-04-02-01-01-24,3
02-01-04-02-01-02-24,3
02-01-04-02-02-01-24,3
02-01-04-02-02-02-24,3
02-01-05-01-01-01-24,4
02-01-05-01-01-02-24,4
02-01-05-01-02-01-24,4
02-01-05-01-02-02-24,4
02-01-05-02-01-01-24,4
02-01-05-02-01-02-24,4
02-01-05-02-02-01-24,4
02-01-05-02-02-02-24,4
02-01-06-01-01-01-24,5
02-01-06-01-01-02-24,5
02-01-06-01-02-01-24,5
02-01-06-01-02-02-24,5
02-01-06-02-01-01-24,5
02-01-06-02-01-02-24,5
02-01-06-02-02-01-24,5
02-01-06-02-02-02-24,5
02-01-07-01-01-01-24,6
02-01-07-01-01-02-24,6
02-01-07-01-02-01-24,6
02-01-07-01-02-02-24,6
02-01-07-02-01-01-24,6
02-01-07-02-01-02-24,6
02-01-07-02-02-01-24,6
02-01-07-02-02-02-24,6
02-01-08-01-01-01-24,7
02-01-08-01-01-02-24,7
02-01-08-01-02-01-24,7
02-01-08-01-02-02-24,7
02-01-08-02-01-01-24,7
02-01-08-02-01-02-24,7
02-01-08-02-02-01-24,7
02-01-08-02-02-02-24,7
01-01-01-01-01-01-12,0
01-01-01-01-01-02-12,0
01-01-01-01-02-01-12,0
01-01-01-01-02-02-12,0
01-01-02-01-01-01-12,1
01-01-02-01-01-02-12,1
01-01-02-01-02-01-12,1
01-01-02-01-02-02-12,1
01-01-02-02-01-01-12,1
01-01-02-02-01-02-12,1
01-01-02-02-02-01-12,1
01-01-02-02-02-02-12,1
01-01-03-01-01-01-12,2
01-01-03-01-01-02-12,2
01-01-03-01-02-01-12,2
01-01-03-01-02-02-12,2
01-01-03-02-01-01-12,2
01-01-03-02-01-02-12,2
01-01-03-02-02-01-12,2
01-01-03-02-02-02-12,2
01-01-04-01-01-01-12,3
01-01-04-01-01-02-12,3
01-01-04-01-02-01-12,3
01-01-04-01-02-02-12,3
01-01-04-02-01-01-12,3
01-01-04-02-01-02-12,3
01-01-04-02-02-01-12,3
01-01-04-02-02-02-12,3
01-01-05-01-01-01-12,4
01-01-05-01-01-02-12,4
01-01-05-01-02-01-12,4
01-01-05-01-02-02-12,4
01-01-05-02-01-01-12,4
01-01-05-02-01-02-12,4
01-01-05-02-02-01-12,4
01-01-05-02-02-02-12,4
01-01-06-01-01-01-12,5
01-01-06-01-01-02-12,5
01-01-06-01-02-01-12,5
01-01-06-01-02-02-12,5
01-01-06-02-01-01-12,5
01-01-06-02-01-02-12,5
01-01-06-02-02-01-12,5
01-01-06-02-02-02-12,5
01-01-07-01-01-01-12,6
01-01-07-01-01-02-12,6
01-01-07-01-02-01-12,6
01-01-07-01-02-02-12,6
01-01-07-02-01-01-12,6
01-01-07-02-01-02-12,6
01-01-07-02-02-01-12,6
01-01-07-02-02-02-12,6
01-01-08-01-01-01-12,7
01-01-08-01-01-02-12,7
01-01-08-01-02-01-12,7
01-01-08-01-02-02-12,7
01-01-08-02-01-01-12,7
01-01-08-02-01-02-12,7
01-01-08-02-02-01-12,7
01-01-08-02-02-02-12,7
02-01-01-01-01-01-12,0
02-01-01-01-01-02-12,0
02-01-01-01-02-01-12,0
02-01-01-01-02-02-12,0
02-01-02-01-01-01-12,1
02-01-02-01-01-02-12,1
02-01-02-01-02-01-12,1
02-01-02-01-02-02-12,1
02-01-02-02-01-01-12,1
02-01-02-02-01-02-12,1
02-01-02-02-02-01-12,1
02-01-02-02-02-02-12,1
02-01-03-01-01-01-12,2
02-01-03-01-01-02-12,2
02-01-03-01-02-01-12,2
02-01-03-01-02-02-12,2
02-01-03-02-01-01-12,2
02-01-03-02-01-02-12,2
02-01-03-02-02-01-12,2
02-01-03-02-02-02-12,2
02-01-04-01-01-01-12,3
02-01-04-01-01-02-12,3
02-01-04-01-02-01-12,3
02-01-04-01-02-02-12,3
02-01-04-02-01-01-12,3
02-01-04-02-01-02-12,3
02-01-04-02-02-01-12,3
02-01-04-02-02-02-12,3
02-01-05-01-01-01-12,4
02-01-05-01-01-02-12,4
02-01-05-01-02-01-12,4
02-01-05-01-02-02-12,4
02-01-05-02-01-01-12,4
02-01-05-02-01-02-12,4
02-01-05-02-02-01-12,4
02-01-05-02-02-02-12,4
02-01-06-01-01-01-12,5
02-01-06-01-01-02-12,5
02-01-06-01-02-01-12,5
02-01-06-01-02-02-12,5
02-01-06-02-01-01-12,5
02-01-06-02-01-02-12,5
02-01-06-02-02-01-12,5
02-01-06-02-02-02-12,5
02-01-07-01-01-01-12,6
02-01-07-01-01-02-12,6
02-01-07-01-02-01-12,6
02-01-07-01-02-02-12,6
02-01-07-02-01-01-12,6
02-01-07-02-01-02-12,6
02-01-07-02-02-01-12,6
02-01-07-02-02-02-12,6
02-01-08-01-01-01-12,7
02-01-08-01-01-02-12,7
02-01-08-01-02-01-12,7
02-01-08-01-02-02-12,7
02-01-08-02-01-01-12,7
02-01-08-02-01-02-12,7
02-01-08-02-02-01-12,7
02-01-08-02-02-02-12,7
